operation,trial,latency_ms,peak_rss_bytes,cpu_time_s,energy_j,platform
ML-KEM-768_encaps,0,1.6010999970603734,76189696,0.0,,x86_server
ML-KEM-768_encaps,1,1.5725999837741256,76189696,0.0,,x86_server
ML-KEM-768_encaps,2,1.5548999945167452,76189696,0.0,,x86_server
ML-KEM-768_encaps,3,1.6080000204965472,76189696,0.0,,x86_server
ML-KEM-768_encaps,4,1.5432999935001135,76189696,0.0,,x86_server
ML-KEM-768_encaps,5,1.5437999973073602,76193792,0.015625,,x86_server
ML-KEM-768_encaps,6,1.624900003662333,76193792,0.0,,x86_server
ML-KEM-768_encaps,7,1.5990999818313867,76197888,0.0,,x86_server
ML-KEM-768_encaps,8,1.5841999847907573,76197888,0.0,,x86_server
ML-KEM-768_encaps,9,1.5959999873302877,76201984,0.0,,x86_server
ML-KEM-768_encaps,10,1.5922000166028738,76201984,0.0,,x86_server
ML-KEM-768_encaps,11,1.5944000042509288,76206080,0.0,,x86_server
ML-KEM-768_encaps,12,1.5983000048436224,76206080,0.0,,x86_server
ML-KEM-768_encaps,13,1.5986000071279705,76210176,0.0,,x86_server
ML-KEM-768_encaps,14,1.5940000012051314,76210176,0.015625,,x86_server
ML-KEM-768_encaps,15,1.5876000106800348,76210176,0.0,,x86_server
ML-KEM-768_encaps,16,1.5904000028967857,76210176,0.0,,x86_server
ML-KEM-768_encaps,17,1.5724999830126762,76214272,0.0,,x86_server
ML-KEM-768_encaps,18,1.5973999979905784,76214272,0.0,,x86_server
ML-KEM-768_encaps,19,1.6398000007029623,76218368,0.0,,x86_server
ML-KEM-768_encaps,20,1.5366000006906688,76218368,0.0,,x86_server
ML-KEM-768_encaps,21,1.4725000073667616,76222464,0.0,,x86_server
ML-KEM-768_encaps,22,1.4528000028803945,76222464,0.0,,x86_server
ML-KEM-768_encaps,23,1.4543999859597534,76222464,0.015625,,x86_server
ML-KEM-768_encaps,24,1.6629000019747764,76222464,0.0,,x86_server
ML-KEM-768_encaps,25,1.6017999732866883,76226560,0.0,,x86_server
ML-KEM-768_encaps,26,1.5977000002749264,76226560,0.0,,x86_server
ML-KEM-768_encaps,27,1.5974999987520278,76230656,0.0,,x86_server
ML-KEM-768_encaps,28,1.598200004082173,76230656,0.0,,x86_server
ML-KEM-768_encaps,29,1.6127999988384545,76230656,0.0,,x86_server
ML-KEM-768_encaps,30,1.6830999811645597,76234752,0.0,,x86_server
ML-KEM-768_encaps,31,1.600699994014576,76234752,0.0,,x86_server
ML-KEM-768_encaps,32,1.5816999948583543,76234752,0.015625,,x86_server
ML-KEM-768_encaps,33,1.5967999934218824,76234752,0.0,,x86_server
ML-KEM-768_encaps,34,1.652999984798953,76234752,0.0,,x86_server
ML-KEM-768_encaps,35,1.6233999922405928,76234752,0.0,,x86_server
ML-KEM-768_encaps,36,1.5702999953646213,76234752,0.0,,x86_server
ML-KEM-768_encaps,37,1.5931999951135367,76234752,0.0,,x86_server
ML-KEM-768_encaps,38,1.5774999919813126,76234752,0.0,,x86_server
ML-KEM-768_encaps,39,1.576699985889718,76234752,0.0,,x86_server
ML-KEM-768_encaps,40,1.598200004082173,76234752,0.0,,x86_server
ML-KEM-768_encaps,41,1.608099992154166,76234752,0.015625,,x86_server
ML-KEM-768_encaps,42,1.618100010091439,76234752,0.0,,x86_server
ML-KEM-768_encaps,43,1.6074000159278512,76234752,0.0,,x86_server
ML-KEM-768_encaps,44,1.560000004246831,76234752,0.0,,x86_server
ML-KEM-768_encaps,45,1.5607000095769763,76238848,0.0,,x86_server
ML-KEM-768_encaps,46,1.586200000019744,76238848,0.0,,x86_server
ML-KEM-768_encaps,47,1.5896000259090215,76238848,0.0,,x86_server
ML-KEM-768_encaps,48,1.552300003822893,76242944,0.0,,x86_server
ML-KEM-768_encaps,49,1.6089999990072101,76242944,0.0,,x86_server
ML-KEM-768_encaps,50,1.6019000031519681,76242944,0.015625,,x86_server
ML-KEM-768_encaps,51,1.5618999896105379,76242944,0.0,,x86_server
ML-KEM-768_encaps,52,1.6242999990936369,76242944,0.0,,x86_server
ML-KEM-768_encaps,53,1.6063000075519085,76247040,0.0,,x86_server
ML-KEM-768_encaps,54,1.6064000083133578,76247040,0.0,,x86_server
ML-KEM-768_encaps,55,1.6160999948624521,76247040,0.0,,x86_server
ML-KEM-768_encaps,56,1.5519000007770956,76247040,0.0,,x86_server
ML-KEM-768_encaps,57,1.5469000209122896,76247040,0.0,,x86_server
ML-KEM-768_encaps,58,1.6311000217683613,76247040,0.0,,x86_server
ML-KEM-768_encaps,59,1.5544999914709479,76247040,0.015625,,x86_server
ML-KEM-768_encaps,60,1.5981000033207238,76247040,0.0,,x86_server
ML-KEM-768_encaps,61,1.574100024299696,76247040,0.0,,x86_server
ML-KEM-768_encaps,62,1.6187999863177538,76247040,0.0,,x86_server
ML-KEM-768_encaps,63,1.6340999864041805,76247040,0.0,,x86_server
ML-KEM-768_encaps,64,1.6127999988384545,76247040,0.0,,x86_server
ML-KEM-768_encaps,65,1.6266999882645905,76251136,0.0,,x86_server
ML-KEM-768_encaps,66,1.6081999929156154,76251136,0.0,,x86_server
ML-KEM-768_encaps,67,1.5533999830950052,76251136,0.0,,x86_server
ML-KEM-768_encaps,68,1.5561000036541373,76251136,0.015625,,x86_server
ML-KEM-768_encaps,69,1.581599994096905,76251136,0.0,,x86_server
ML-KEM-768_encaps,70,1.597900001797825,76251136,0.0,,x86_server
ML-KEM-768_encaps,71,1.565899990964681,76251136,0.0,,x86_server
ML-KEM-768_encaps,72,1.6130000003613532,76251136,0.0,,x86_server
ML-KEM-768_encaps,73,1.5564000059384853,76251136,0.0,,x86_server
ML-KEM-768_encaps,74,1.5512999962083995,76251136,0.0,,x86_server
ML-KEM-768_encaps,75,1.6170000017154962,76251136,0.0,,x86_server
ML-KEM-768_encaps,76,1.5448000049218535,76251136,0.0,,x86_server
ML-KEM-768_encaps,77,1.616200024727732,76251136,0.015625,,x86_server
ML-KEM-768_encaps,78,1.6045000229496509,76251136,0.0,,x86_server
ML-KEM-768_encaps,79,1.56309999874793,76251136,0.0,,x86_server
ML-KEM-768_encaps,80,1.545399980386719,76251136,0.0,,x86_server
ML-KEM-768_encaps,81,1.6183000116143376,76251136,0.0,,x86_server
ML-KEM-768_encaps,82,1.5549999952781945,76255232,0.0,,x86_server
ML-KEM-768_encaps,83,1.5873999800533056,76255232,0.0,,x86_server
ML-KEM-768_encaps,84,1.6168000001925975,76259328,0.0,,x86_server
ML-KEM-768_encaps,85,1.5502000169362873,76259328,0.0,,x86_server
ML-KEM-768_encaps,86,1.587799983099103,76259328,0.015625,,x86_server
ML-KEM-768_encaps,87,1.6197999939322472,76259328,0.0,,x86_server
ML-KEM-768_encaps,88,1.586200000019744,76259328,0.0,,x86_server
ML-KEM-768_encaps,89,1.5998000162653625,76259328,0.0,,x86_server
ML-KEM-768_encaps,90,1.6062000067904592,76259328,0.0,,x86_server
ML-KEM-768_encaps,91,1.5586999943479896,76263424,0.0,,x86_server
ML-KEM-768_encaps,92,1.556000002892688,76263424,0.0,,x86_server
ML-KEM-768_encaps,93,1.6221999831032008,76263424,0.0,,x86_server
ML-KEM-768_encaps,94,1.5525000053457916,76263424,0.0,,x86_server
ML-KEM-768_encaps,95,1.6004000208340585,76267520,0.015625,,x86_server
ML-KEM-768_encaps,96,1.5745999990031123,76267520,0.0,,x86_server
ML-KEM-768_encaps,97,1.5552999975625426,76267520,0.0,,x86_server
ML-KEM-768_encaps,98,1.5588999958708882,76267520,0.0,,x86_server
ML-KEM-768_encaps,99,1.492699986556545,76267520,0.0,,x86_server
ML-KEM-768_encaps,100,1.6851999971549958,76267520,0.0,,x86_server
ML-KEM-768_encaps,101,1.7284000059589744,76267520,0.0,,x86_server
ML-KEM-768_encaps,102,1.7253000114578754,76267520,0.0,,x86_server
ML-KEM-768_encaps,103,1.727399998344481,76267520,0.0,,x86_server
ML-KEM-768_encaps,104,1.7692999972496182,76271616,0.015625,,x86_server
ML-KEM-768_encaps,105,1.7569000192452222,76271616,0.0,,x86_server
ML-KEM-768_encaps,106,1.756999990902841,76271616,0.0,,x86_server
ML-KEM-768_encaps,107,1.7401000077370554,76271616,0.0,,x86_server
ML-KEM-768_encaps,108,1.7302999913226813,76271616,0.0,,x86_server
ML-KEM-768_encaps,109,1.7612999945413321,76271616,0.0,,x86_server
ML-KEM-768_encaps,110,1.729599985992536,76271616,0.0,,x86_server
ML-KEM-768_encaps,111,1.7477000073995441,76275712,0.0,,x86_server
ML-KEM-768_encaps,112,1.737599988700822,76275712,0.015625,,x86_server
ML-KEM-768_encaps,113,1.7414000176358968,76275712,0.0,,x86_server
ML-KEM-768_encaps,114,1.7432000022381544,76275712,0.0,,x86_server
ML-KEM-768_encaps,115,1.6043000214267522,76275712,0.0,,x86_server
ML-KEM-768_encaps,116,1.6023999778553843,76275712,0.0,,x86_server
ML-KEM-768_encaps,117,1.6061000060290098,76275712,0.0,,x86_server
ML-KEM-768_encaps,118,1.6050999984145164,76275712,0.0,,x86_server
ML-KEM-768_encaps,119,1.603499986231327,76275712,0.0,,x86_server
ML-KEM-768_encaps,120,1.6099000058602542,76275712,0.0,,x86_server
ML-KEM-768_encaps,121,1.6049999976530671,76275712,0.015625,,x86_server
ML-KEM-768_encaps,122,1.617699977941811,76275712,0.0,,x86_server
ML-KEM-768_encaps,123,1.6090999997686595,76279808,0.0,,x86_server
ML-KEM-768_encaps,124,1.6095000028144568,76279808,0.0,,x86_server
ML-KEM-768_encaps,125,1.57789999502711,76279808,0.0,,x86_server
ML-KEM-768_encaps,126,1.5896999975666404,76279808,0.0,,x86_server
ML-KEM-768_encaps,127,1.5518000000156462,76279808,0.0,,x86_server
ML-KEM-768_encaps,128,1.6197999939322472,76279808,0.0,,x86_server
ML-KEM-768_encaps,129,1.6201999969780445,76279808,0.0,,x86_server
ML-KEM-768_encaps,130,1.6527999832760543,76279808,0.015625,,x86_server
ML-KEM-768_encaps,131,1.6138000064529479,76279808,0.0,,x86_server
ML-KEM-768_encaps,132,1.5999000170268118,76279808,0.0,,x86_server
ML-KEM-768_encaps,133,1.610899984370917,76283904,0.0,,x86_server
ML-KEM-768_encaps,134,1.611499988939613,76283904,0.0,,x86_server
ML-KEM-768_encaps,135,1.6071000136435032,76283904,0.0,,x86_server
ML-KEM-768_encaps,136,1.604699995368719,76283904,0.0,,x86_server
ML-KEM-768_encaps,137,1.6073999868240207,76283904,0.0,,x86_server
ML-KEM-768_encaps,138,1.6038000176195055,76283904,0.015625,,x86_server
ML-KEM-768_encaps,139,1.6106000111903995,76283904,0.0,,x86_server
ML-KEM-768_encaps,140,1.6033000138122588,76283904,0.0,,x86_server
ML-KEM-768_encaps,141,1.6002999909687787,76283904,0.0,,x86_server
ML-KEM-768_encaps,142,1.6144000110216439,76283904,0.0,,x86_server
ML-KEM-768_encaps,143,1.600699994014576,76288000,0.0,,x86_server
ML-KEM-768_encaps,144,1.6147999849636108,76288000,0.0,,x86_server
ML-KEM-768_encaps,145,1.6060999769251794,76288000,0.0,,x86_server
ML-KEM-768_encaps,146,1.6007999947760254,76288000,0.0,,x86_server
ML-KEM-768_encaps,147,1.5989999810699373,76288000,0.0,,x86_server
ML-KEM-768_encaps,148,1.6099000058602542,76288000,0.015625,,x86_server
ML-KEM-768_encaps,149,1.6103000089060515,76292096,0.0,,x86_server
ML-KEM-768_encaps,150,1.6045999946072698,76292096,0.0,,x86_server
ML-KEM-768_encaps,151,1.6102000081446022,76292096,0.0,,x86_server
ML-KEM-768_encaps,152,1.6034000145737082,76292096,0.0,,x86_server
ML-KEM-768_encaps,153,1.6103999805636704,76292096,0.0,,x86_server
ML-KEM-768_encaps,154,1.677599997492507,76292096,0.0,,x86_server
ML-KEM-768_encaps,155,1.6527000116184354,76292096,0.0,,x86_server
ML-KEM-768_encaps,156,1.6559000068809837,76292096,0.015625,,x86_server
ML-KEM-768_encaps,157,1.6140999796334654,76292096,0.0,,x86_server
ML-KEM-768_encaps,158,1.6431999974884093,76292096,0.0,,x86_server
ML-KEM-768_encaps,159,1.6270999913103878,76292096,0.0,,x86_server
ML-KEM-768_encaps,160,1.6084999951999635,76292096,0.0,,x86_server
ML-KEM-768_encaps,161,1.6061999776866287,76296192,0.0,,x86_server
ML-KEM-768_encaps,162,1.6090999997686595,76300288,0.0,,x86_server
ML-KEM-768_encaps,163,1.6050999984145164,76300288,0.0,,x86_server
ML-KEM-768_encaps,164,1.6045999946072698,76300288,0.0,,x86_server
ML-KEM-768_encaps,165,1.5989000094123185,76300288,0.015625,,x86_server
ML-KEM-768_encaps,166,1.5810999902896583,76300288,0.0,,x86_server
ML-KEM-768_encaps,167,1.572900015162304,76300288,0.0,,x86_server
ML-KEM-768_encaps,168,1.6023000061977655,76300288,0.0,,x86_server
ML-KEM-768_encaps,169,1.6235999937634915,76300288,0.0,,x86_server
ML-KEM-768_encaps,170,1.587400009157136,76300288,0.0,,x86_server
ML-KEM-768_encaps,171,1.59859997802414,76300288,0.0,,x86_server
ML-KEM-768_encaps,172,1.553800015244633,76300288,0.0,,x86_server
ML-KEM-768_encaps,173,1.6242999990936369,76300288,0.0,,x86_server
ML-KEM-768_encaps,174,1.6466999950353056,76300288,0.015625,,x86_server
ML-KEM-768_encaps,175,1.6095999744720757,76300288,0.0,,x86_server
ML-KEM-768_encaps,176,1.6039999900385737,76304384,0.0,,x86_server
ML-KEM-768_encaps,177,1.6051999991759658,76304384,0.0,,x86_server
ML-KEM-768_encaps,178,1.6020000039134175,76304384,0.0,,x86_server
ML-KEM-768_encaps,179,1.6067000105977058,76304384,0.0,,x86_server
ML-KEM-768_encaps,180,1.6027999809011817,76304384,0.0,,x86_server
ML-KEM-768_encaps,181,1.6121999942697585,76308480,0.0,,x86_server
ML-KEM-768_encaps,182,1.5952000103425235,76312576,0.0,,x86_server
ML-KEM-768_encaps,183,1.57789999502711,76312576,0.015625,,x86_server
ML-KEM-768_encaps,184,1.5539000160060823,76312576,0.0,,x86_server
ML-KEM-768_encaps,185,1.5927999920677394,76312576,0.0,,x86_server
ML-KEM-768_encaps,186,1.5656999894417822,76312576,0.0,,x86_server
ML-KEM-768_encaps,187,1.5631999995093793,76312576,0.0,,x86_server
ML-KEM-768_encaps,188,1.5992999833542854,76312576,0.0,,x86_server
ML-KEM-768_encaps,189,1.606899983016774,76312576,0.0,,x86_server
ML-KEM-768_encaps,190,1.6173000039998442,76312576,0.0,,x86_server
ML-KEM-768_encaps,191,1.6839000163599849,76312576,0.0,,x86_server
ML-KEM-768_encaps,192,1.6332999803125858,76312576,0.015625,,x86_server
ML-KEM-768_encaps,193,1.6127999988384545,76312576,0.0,,x86_server
ML-KEM-768_encaps,194,1.7065999854821712,76312576,0.0,,x86_server
ML-KEM-768_encaps,195,1.6015999717637897,76312576,0.0,,x86_server
ML-KEM-768_encaps,196,1.598899980308488,76312576,0.0,,x86_server
ML-KEM-768_encaps,197,1.6050999984145164,76312576,0.0,,x86_server
ML-KEM-768_encaps,198,1.6112000157590955,76312576,0.0,,x86_server
ML-KEM-768_encaps,199,1.602899981662631,76312576,0.0,,x86_server
ML-KEM-768_encaps,200,1.6033000138122588,76312576,0.0,,x86_server
ML-KEM-768_encaps,201,1.6051999991759658,76316672,0.015625,,x86_server
ML-KEM-768_encaps,202,1.6008999955374748,76316672,0.0,,x86_server
ML-KEM-768_encaps,203,1.6284000012092292,76316672,0.0,,x86_server
ML-KEM-768_encaps,204,1.5944999759085476,76316672,0.0,,x86_server
ML-KEM-768_encaps,205,1.567700004670769,76316672,0.0,,x86_server
ML-KEM-768_encaps,206,1.6047999961301684,76316672,0.0,,x86_server
ML-KEM-768_encaps,207,1.601999974809587,76316672,0.0,,x86_server
ML-KEM-768_encaps,208,1.6089999990072101,76316672,0.0,,x86_server
ML-KEM-768_encaps,209,1.5586999943479896,76316672,0.0,,x86_server
ML-KEM-768_encaps,210,1.5552999975625426,76316672,0.015625,,x86_server
ML-KEM-768_encaps,211,1.6164999979082495,76316672,0.0,,x86_server
ML-KEM-768_encaps,212,1.5525999770034105,76316672,0.0,,x86_server
ML-KEM-768_encaps,213,1.6836000140756369,76316672,0.0,,x86_server
ML-KEM-768_encaps,214,1.6182000108528882,76320768,0.0,,x86_server
ML-KEM-768_encaps,215,1.594800007296726,76320768,0.0,,x86_server
ML-KEM-768_encaps,216,1.548900007037446,76320768,0.0,,x86_server
ML-KEM-768_encaps,217,1.61500001559034,76320768,0.0,,x86_server
ML-KEM-768_encaps,218,1.6212000045925379,76324864,0.015625,,x86_server
ML-KEM-768_encaps,219,1.6055999731179327,76324864,0.0,,x86_server
ML-KEM-768_encaps,220,1.6071000136435032,76324864,0.0,,x86_server
ML-KEM-768_encaps,221,1.6163000254891813,76328960,0.0,,x86_server
ML-KEM-768_encaps,222,1.6086999967228621,76328960,0.0,,x86_server
ML-KEM-768_encaps,223,1.6002000193111598,76328960,0.0,,x86_server
ML-KEM-768_encaps,224,1.6135000041685998,76328960,0.0,,x86_server
ML-KEM-768_encaps,225,1.5993999841157347,76328960,0.0,,x86_server
ML-KEM-768_encaps,226,1.6142000094987452,76328960,0.0,,x86_server
ML-KEM-768_encaps,227,1.5764999843668193,76333056,0.0,,x86_server
ML-KEM-768_encaps,228,1.5734999906271696,76333056,0.015625,,x86_server
ML-KEM-768_encaps,229,1.5989000094123185,76333056,0.0,,x86_server
ML-KEM-768_encaps,230,1.565899990964681,76333056,0.0,,x86_server
ML-KEM-768_encaps,231,1.5605999797116965,76333056,0.0,,x86_server
ML-KEM-768_encaps,232,1.5375000075437129,76333056,0.0,,x86_server
ML-KEM-768_encaps,233,1.5519000007770956,76333056,0.0,,x86_server
ML-KEM-768_encaps,234,1.596999994944781,76333056,0.0,,x86_server
ML-KEM-768_encaps,235,1.6038999892771244,76333056,0.0,,x86_server
ML-KEM-768_encaps,236,1.598200004082173,76333056,0.0,,x86_server
ML-KEM-768_encaps,237,1.6001999902073294,76333056,0.015625,,x86_server
ML-KEM-768_encaps,238,1.6170000017154962,76333056,0.0,,x86_server
ML-KEM-768_encaps,239,1.600399991730228,76333056,0.0,,x86_server
ML-KEM-768_encaps,240,1.629200007300824,76398592,0.0,,x86_server
ML-KEM-768_encaps,241,1.6128999995999038,76398592,0.0,,x86_server
ML-KEM-768_encaps,242,1.6075999883469194,76398592,0.0,,x86_server
ML-KEM-768_encaps,243,1.6031000122893602,76398592,0.0,,x86_server
ML-KEM-768_encaps,244,1.5995999856386334,76398592,0.0,,x86_server
ML-KEM-768_encaps,245,1.5989000094123185,76398592,0.015625,,x86_server
ML-KEM-768_encaps,246,1.590299973031506,76398592,0.0,,x86_server
ML-KEM-768_encaps,247,1.5472999948542565,76398592,0.0,,x86_server
ML-KEM-768_encaps,248,1.5457999834325165,76398592,0.0,,x86_server
ML-KEM-768_encaps,249,1.6084999951999635,76402688,0.0,,x86_server
ML-KEM-768_encaps,250,1.5964000194799155,76402688,0.0,,x86_server
ML-KEM-768_encaps,251,1.6041000199038535,76402688,0.0,,x86_server
ML-KEM-768_encaps,252,1.60160000086762,76402688,0.0,,x86_server
ML-KEM-768_encaps,253,1.5936999989207834,76402688,0.0,,x86_server
ML-KEM-768_encaps,254,1.5985000063665211,76402688,0.015625,,x86_server
ML-KEM-768_encaps,255,1.6048999968916178,76402688,0.0,,x86_server
ML-KEM-768_encaps,256,1.6000000177882612,76402688,0.0,,x86_server
ML-KEM-768_encaps,257,1.6070000128820539,76402688,0.0,,x86_server
ML-KEM-768_encaps,258,1.5870999777689576,76402688,0.0,,x86_server
ML-KEM-768_encaps,259,1.573200017446652,76402688,0.0,,x86_server
ML-KEM-768_encaps,260,1.5584999928250909,76410880,0.0,,x86_server
ML-KEM-768_encaps,261,1.6050999984145164,76410880,0.0,,x86_server
ML-KEM-768_encaps,262,1.573599991388619,76410880,0.0,,x86_server
ML-KEM-768_encaps,263,1.5957000141497701,76410880,0.0,,x86_server
ML-KEM-768_encaps,264,1.5977000002749264,76410880,0.015625,,x86_server
ML-KEM-768_encaps,265,1.6024000069592148,76410880,0.0,,x86_server
ML-KEM-768_encaps,266,1.559700001962483,76410880,0.0,,x86_server
ML-KEM-768_encaps,267,1.5477999986615032,76410880,0.0,,x86_server
ML-KEM-768_encaps,268,1.5456999826710671,76410880,0.0,,x86_server
ML-KEM-768_encaps,269,1.6044000221882015,76410880,0.0,,x86_server
ML-KEM-768_encaps,270,1.5765000134706497,76410880,0.0,,x86_server
ML-KEM-768_encaps,271,1.596399990376085,76410880,0.0,,x86_server
ML-KEM-768_encaps,272,1.607799989869818,76410880,0.0,,x86_server
ML-KEM-768_encaps,273,1.579100004164502,76410880,0.015625,,x86_server
ML-KEM-768_encaps,274,1.588399987667799,76410880,0.0,,x86_server
ML-KEM-768_encaps,275,1.5543999907094985,76410880,0.0,,x86_server
ML-KEM-768_encaps,276,1.5903000021353364,76410880,0.0,,x86_server
ML-KEM-768_encaps,277,1.590200001373887,76410880,0.0,,x86_server
ML-KEM-768_encaps,278,1.482499996200204,76410880,0.0,,x86_server
ML-KEM-768_encaps,279,1.5535999846179038,76414976,0.0,,x86_server
ML-KEM-768_encaps,280,1.5965000202413648,76414976,0.0,,x86_server
ML-KEM-768_encaps,281,1.5742999967187643,76414976,0.0,,x86_server
ML-KEM-768_encaps,282,1.5815000224392861,76414976,0.015625,,x86_server
ML-KEM-768_encaps,283,1.586200000019744,76414976,0.0,,x86_server
ML-KEM-768_encaps,284,1.5552999975625426,76414976,0.0,,x86_server
ML-KEM-768_encaps,285,1.5713000029791147,76414976,0.0,,x86_server
ML-KEM-768_encaps,286,1.5994000132195652,76414976,0.0,,x86_server
ML-KEM-768_encaps,287,1.5677999763283879,76414976,0.0,,x86_server
ML-KEM-768_encaps,288,1.5805000148247927,76414976,0.0,,x86_server
ML-KEM-768_encaps,289,1.5949000080581754,76414976,0.0,,x86_server
ML-KEM-768_encaps,290,1.5579000173602253,76414976,0.0,,x86_server
ML-KEM-768_encaps,291,1.556900009745732,76423168,0.015625,,x86_server
ML-KEM-768_encaps,292,1.5949000080581754,76423168,0.0,,x86_server
ML-KEM-768_encaps,293,1.5321999962907284,76423168,0.0,,x86_server
ML-KEM-768_encaps,294,1.6272999928332865,76423168,0.0,,x86_server
ML-KEM-768_encaps,295,1.6143000102601945,76427264,0.0,,x86_server
ML-KEM-768_encaps,296,1.6030000115279108,76427264,0.0,,x86_server
ML-KEM-768_encaps,297,1.6067000105977058,76427264,0.0,,x86_server
ML-KEM-768_encaps,298,1.6076999891083688,76427264,0.0,,x86_server
ML-KEM-768_encaps,299,1.6150999872479588,76431360,0.0,,x86_server
ML-KEM-768_encaps,300,1.6522000078111887,76431360,0.015625,,x86_server
ML-KEM-768_encaps,301,1.6132000018842518,76431360,0.0,,x86_server
ML-KEM-768_encaps,302,1.6118999919854105,76431360,0.0,,x86_server
ML-KEM-768_encaps,303,1.6075999883469194,76431360,0.0,,x86_server
ML-KEM-768_encaps,304,1.6061000060290098,76431360,0.0,,x86_server
ML-KEM-768_encaps,305,1.611900021089241,76431360,0.0,,x86_server
ML-KEM-768_encaps,306,1.6012000269256532,76431360,0.0,,x86_server
ML-KEM-768_encaps,307,1.6118999919854105,76431360,0.0,,x86_server
ML-KEM-768_encaps,308,1.6057000029832125,76431360,0.0,,x86_server
ML-KEM-768_encaps,309,1.710100012132898,76431360,0.015625,,x86_server
ML-KEM-768_encaps,310,1.602899981662631,76431360,0.0,,x86_server
ML-KEM-768_encaps,311,1.667499978793785,76431360,0.0,,x86_server
ML-KEM-768_encaps,312,1.6499999910593033,76431360,0.0,,x86_server
ML-KEM-768_encaps,313,1.6033999854698777,76431360,0.0,,x86_server
ML-KEM-768_encaps,314,1.6047999961301684,76431360,0.0,,x86_server
ML-KEM-768_encaps,315,1.731499971356243,76431360,0.0,,x86_server
ML-KEM-768_encaps,316,1.6777999990154058,76431360,0.0,,x86_server
ML-KEM-768_encaps,317,1.6682000132277608,76431360,0.015625,,x86_server
ML-KEM-768_encaps,318,1.6032000130508095,76435456,0.0,,x86_server
ML-KEM-768_encaps,319,1.5534000121988356,76435456,0.0,,x86_server
ML-KEM-768_encaps,320,1.5829000039957464,76435456,0.0,,x86_server
ML-KEM-768_encaps,321,1.6073999868240207,76435456,0.0,,x86_server
ML-KEM-768_encaps,322,1.5513999969698489,76435456,0.0,,x86_server
ML-KEM-768_encaps,323,1.6314999957103282,76439552,0.0,,x86_server
ML-KEM-768_encaps,324,1.712299999780953,76439552,0.0,,x86_server
ML-KEM-768_encaps,325,1.6079000197350979,76439552,0.0,,x86_server
ML-KEM-768_encaps,326,1.5993999841157347,76439552,0.015625,,x86_server
ML-KEM-768_encaps,327,1.5710000006947666,76439552,0.0,,x86_server
ML-KEM-768_encaps,328,1.7737000016495585,76443648,0.0,,x86_server
ML-KEM-768_encaps,329,1.6126999980770051,76443648,0.0,,x86_server
ML-KEM-768_encaps,330,1.5568999806419015,76443648,0.0,,x86_server
ML-KEM-768_encaps,331,1.5870999777689576,76443648,0.0,,x86_server
ML-KEM-768_encaps,332,1.6003000200726092,76443648,0.0,,x86_server
ML-KEM-768_encaps,333,1.5518000000156462,76443648,0.0,,x86_server
ML-KEM-768_encaps,334,1.6038999892771244,76443648,0.0,,x86_server
ML-KEM-768_encaps,335,1.6056000022217631,76443648,0.015625,,x86_server
ML-KEM-768_encaps,336,1.4620999863836914,76443648,0.0,,x86_server
ML-KEM-768_encaps,337,1.5045999898575246,76443648,0.0,,x86_server
ML-KEM-768_encaps,338,1.5397999959532171,76447744,0.0,,x86_server
ML-KEM-768_encaps,339,1.6037000168580562,76447744,0.0,,x86_server
ML-KEM-768_encaps,340,1.6036999877542257,76447744,0.0,,x86_server
ML-KEM-768_encaps,341,1.6083999944385141,76447744,0.0,,x86_server
ML-KEM-768_encaps,342,1.6019000031519681,76447744,0.0,,x86_server
ML-KEM-768_encaps,343,1.6052999999374151,76447744,0.0,,x86_server
ML-KEM-768_encaps,344,1.6061000060290098,76447744,0.015625,,x86_server
ML-KEM-768_encaps,345,1.6169000009540468,76447744,0.0,,x86_server
ML-KEM-768_encaps,346,1.6066000098362565,76447744,0.0,,x86_server
ML-KEM-768_encaps,347,1.5758999797981232,76447744,0.0,,x86_server
ML-KEM-768_encaps,348,1.5710000006947666,76447744,0.0,,x86_server
ML-KEM-768_encaps,349,1.6051999991759658,76447744,0.0,,x86_server
ML-KEM-768_encaps,350,1.5681000077165663,76447744,0.0,,x86_server
ML-KEM-768_encaps,351,1.5761999820824713,76447744,0.0,,x86_server
ML-KEM-768_encaps,352,1.5947000065352768,76447744,0.0,,x86_server
ML-KEM-768_encaps,353,1.5507999924011528,76447744,0.015625,,x86_server
ML-KEM-768_encaps,354,1.6530000139027834,76447744,0.0,,x86_server
ML-KEM-768_encaps,355,1.6576999914832413,76455936,0.0,,x86_server
ML-KEM-768_encaps,356,1.6038000176195055,76455936,0.0,,x86_server
ML-KEM-768_encaps,357,1.6652000194881111,76460032,0.0,,x86_server
ML-KEM-768_encaps,358,1.7144999874290079,76460032,0.0,,x86_server
ML-KEM-768_encaps,359,1.6398000007029623,76460032,0.0,,x86_server
ML-KEM-768_encaps,360,1.6125999973155558,76460032,0.0,,x86_server
ML-KEM-768_encaps,361,1.5994000132195652,76460032,0.0,,x86_server
ML-KEM-768_encaps,362,1.6054000006988645,76460032,0.015625,,x86_server
ML-KEM-768_encaps,363,1.6330000071320683,76460032,0.0,,x86_server
ML-KEM-768_encaps,364,1.5551999968010932,76460032,0.0,,x86_server
ML-KEM-768_encaps,365,1.5496999840252101,76460032,0.0,,x86_server
ML-KEM-768_encaps,366,1.6050999984145164,76460032,0.0,,x86_server
ML-KEM-768_encaps,367,1.6089000273495913,76460032,0.0,,x86_server
ML-KEM-768_encaps,368,1.6109000134747475,76460032,0.0,,x86_server
ML-KEM-768_encaps,369,1.6041999915614724,76460032,0.0,,x86_server
ML-KEM-768_encaps,370,1.614599983440712,76464128,0.0,,x86_server
ML-KEM-768_encaps,371,1.6049999976530671,76464128,0.015625,,x86_server
ML-KEM-768_encaps,372,1.6025000077206641,76464128,0.0,,x86_server
ML-KEM-768_encaps,373,1.5957000141497701,76464128,0.0,,x86_server
ML-KEM-768_encaps,374,1.6457000165246427,76464128,0.0,,x86_server
ML-KEM-768_encaps,375,1.6026000084821135,76464128,0.0,,x86_server
ML-KEM-768_encaps,376,1.5535999846179038,76464128,0.0,,x86_server
ML-KEM-768_encaps,377,1.5954000118654221,76468224,0.0,,x86_server
ML-KEM-768_encaps,378,1.5839999832678586,76468224,0.0,,x86_server
ML-KEM-768_encaps,379,1.8142999906558543,76468224,0.0,,x86_server
ML-KEM-768_encaps,380,1.5876000106800348,76468224,0.015625,,x86_server
ML-KEM-768_encaps,381,1.5983999765012413,76468224,0.0,,x86_server
ML-KEM-768_encaps,382,1.5525000053457916,76468224,0.0,,x86_server
ML-KEM-768_encaps,383,1.5901000006124377,76468224,0.0,,x86_server
ML-KEM-768_encaps,384,1.6029000107664615,76468224,0.0,,x86_server
ML-KEM-768_encaps,385,1.6139000072143972,76468224,0.0,,x86_server
ML-KEM-768_encaps,386,1.6175000055227429,76468224,0.0,,x86_server
ML-KEM-768_encaps,387,1.6071000136435032,76472320,0.0,,x86_server
ML-KEM-768_encaps,388,1.610599982086569,76472320,0.0,,x86_server
ML-KEM-768_encaps,389,1.6122999950312078,76472320,0.015625,,x86_server
ML-KEM-768_encaps,390,1.6090999997686595,76472320,0.0,,x86_server
ML-KEM-768_encaps,391,1.6067000105977058,76472320,0.0,,x86_server
ML-KEM-768_encaps,392,1.6094000020530075,76472320,0.0,,x86_server
ML-KEM-768_encaps,393,1.5890999929979444,76472320,0.0,,x86_server
ML-KEM-768_encaps,394,1.598899980308488,76472320,0.0,,x86_server
ML-KEM-768_encaps,395,1.6207000007852912,76472320,0.0,,x86_server
ML-KEM-768_encaps,396,1.5912000089883804,76476416,0.0,,x86_server
ML-KEM-768_encaps,397,1.6002999909687787,76476416,0.0,,x86_server
ML-KEM-768_encaps,398,1.5495999832637608,76476416,0.015625,,x86_server
ML-KEM-768_encaps,399,1.6056000022217631,76476416,0.0,,x86_server
ML-KEM-768_encaps,400,1.6055000014603138,76476416,0.0,,x86_server
ML-KEM-768_encaps,401,1.6019000031519681,76476416,0.0,,x86_server
ML-KEM-768_encaps,402,1.6164999979082495,76476416,0.0,,x86_server
ML-KEM-768_encaps,403,1.6123999957926571,76476416,0.0,,x86_server
ML-KEM-768_encaps,404,1.600699994014576,76476416,0.0,,x86_server
ML-KEM-768_encaps,405,1.6042000206653029,76476416,0.0,,x86_server
ML-KEM-768_encaps,406,1.606299978448078,76476416,0.015625,,x86_server
ML-KEM-768_encaps,407,1.6056000022217631,76476416,0.0,,x86_server
ML-KEM-768_encaps,408,1.6039000183809549,76476416,0.0,,x86_server
ML-KEM-768_encaps,409,1.612800027942285,76476416,0.0,,x86_server
ML-KEM-768_encaps,410,1.6056000022217631,76476416,0.0,,x86_server
ML-KEM-768_encaps,411,1.6115000180434436,76480512,0.0,,x86_server
ML-KEM-768_encaps,412,1.7468000005465,76480512,0.0,,x86_server
ML-KEM-768_encaps,413,1.6305999888572842,76480512,0.0,,x86_server
ML-KEM-768_encaps,414,1.634400017792359,76480512,0.0,,x86_server
ML-KEM-768_encaps,415,1.6417000151704997,76480512,0.0,,x86_server
ML-KEM-768_encaps,416,1.6128999995999038,76484608,0.015625,,x86_server
ML-KEM-768_encaps,417,1.6090999997686595,76484608,0.0,,x86_server
ML-KEM-768_encaps,418,1.601299998583272,76484608,0.0,,x86_server
ML-KEM-768_encaps,419,1.6111000149976462,76492800,0.0,,x86_server
ML-KEM-768_encaps,420,1.6734999953769147,76492800,0.0,,x86_server
ML-KEM-768_encaps,421,1.6676000086590648,76492800,0.0,,x86_server
ML-KEM-768_encaps,422,1.6092000005301088,76492800,0.0,,x86_server
ML-KEM-768_encaps,423,1.6034000145737082,76492800,0.0,,x86_server
ML-KEM-768_encaps,424,1.6126999980770051,76492800,0.015625,,x86_server
ML-KEM-768_encaps,425,1.6089999990072101,76492800,0.0,,x86_server
ML-KEM-768_encaps,426,1.6137000056914985,76492800,0.0,,x86_server
ML-KEM-768_encaps,427,1.6118000203277916,76492800,0.0,,x86_server
ML-KEM-768_encaps,428,1.5894000243861228,76492800,0.0,,x86_server
ML-KEM-768_encaps,429,1.6024000069592148,76492800,0.0,,x86_server
ML-KEM-768_encaps,430,1.62240001372993,76492800,0.0,,x86_server
ML-KEM-768_encaps,431,1.6139000072143972,76492800,0.0,,x86_server
ML-KEM-768_encaps,432,1.607199985301122,76492800,0.0,,x86_server
ML-KEM-768_encaps,433,1.6069999837782234,76492800,0.015625,,x86_server
ML-KEM-768_encaps,434,1.6137999773491174,76492800,0.0,,x86_server
ML-KEM-768_encaps,435,1.6088999982457608,76496896,0.0,,x86_server
ML-KEM-768_encaps,436,1.6044999938458204,76496896,0.0,,x86_server
ML-KEM-768_encaps,437,1.6445000073872507,76496896,0.0,,x86_server
ML-KEM-768_encaps,438,1.6099000058602542,76496896,0.0,,x86_server
ML-KEM-768_encaps,439,1.6017000016290694,76496896,0.0,,x86_server
ML-KEM-768_encaps,440,1.6028000100050122,76496896,0.0,,x86_server
ML-KEM-768_encaps,441,1.6055000014603138,76496896,0.0,,x86_server
ML-KEM-768_encaps,442,1.6099000058602542,76496896,0.015625,,x86_server
ML-KEM-768_encaps,443,1.5746999997645617,76496896,0.0,,x86_server
ML-KEM-768_encaps,444,1.55720001203008,76496896,0.0,,x86_server
ML-KEM-768_encaps,445,1.5852999931667,76496896,0.0,,x86_server
ML-KEM-768_encaps,446,1.5977000002749264,76496896,0.0,,x86_server
ML-KEM-768_encaps,447,1.568699983181432,76496896,0.0,,x86_server
ML-KEM-768_encaps,448,1.6124999965541065,76496896,0.0,,x86_server
ML-KEM-768_encaps,449,1.6024999786168337,76496896,0.0,,x86_server
ML-KEM-768_encaps,450,1.6133000026457012,76496896,0.0,,x86_server
ML-KEM-768_encaps,451,1.631999999517575,76500992,0.015625,,x86_server
ML-KEM-768_encaps,452,1.6104000096675009,76500992,0.0,,x86_server
ML-KEM-768_encaps,453,1.5736999921500683,76500992,0.0,,x86_server
ML-KEM-768_encaps,454,1.6365000046789646,76500992,0.0,,x86_server
ML-KEM-768_encaps,455,1.5652999863959849,76505088,0.0,,x86_server
ML-KEM-768_encaps,456,1.5531000099144876,76505088,0.0,,x86_server
ML-KEM-768_encaps,457,1.618400012375787,76505088,0.0,,x86_server
ML-KEM-768_encaps,458,1.61500001559034,76505088,0.0,,x86_server
ML-KEM-768_encaps,459,1.6079999913927168,76505088,0.0,,x86_server
ML-KEM-768_encaps,460,1.7460000235587358,76509184,0.015625,,x86_server
ML-KEM-768_encaps,461,1.7175999819301069,76509184,0.0,,x86_server
ML-KEM-768_encaps,462,1.6131000011228025,76509184,0.0,,x86_server
ML-KEM-768_encaps,463,1.6092000005301088,76509184,0.0,,x86_server
ML-KEM-768_encaps,464,1.6888999962247908,76509184,0.0,,x86_server
ML-KEM-768_encaps,465,1.6635000065434724,76509184,0.0,,x86_server
ML-KEM-768_encaps,466,1.6141999803949147,76509184,0.0,,x86_server
ML-KEM-768_encaps,467,1.6131000011228025,76509184,0.0,,x86_server
ML-KEM-768_encaps,468,1.6130000003613532,76509184,0.0,,x86_server
ML-KEM-768_encaps,469,1.6178000078070909,76509184,0.015625,,x86_server
ML-KEM-768_encaps,470,1.6179000085685402,76509184,0.0,,x86_server
ML-KEM-768_encaps,471,1.6170000017154962,76509184,0.0,,x86_server
ML-KEM-768_encaps,472,1.6022000054363161,76509184,0.0,,x86_server
ML-KEM-768_encaps,473,1.7222999886143953,76509184,0.0,,x86_server
ML-KEM-768_encaps,474,1.6144000110216439,76513280,0.0,,x86_server
ML-KEM-768_encaps,475,1.6135000041685998,76513280,0.0,,x86_server
ML-KEM-768_encaps,476,1.6094000020530075,76513280,0.0,,x86_server
ML-KEM-768_encaps,477,1.5889000205788761,76513280,0.015625,,x86_server
ML-KEM-768_encaps,478,1.5644999803043902,76513280,0.0,,x86_server
ML-KEM-768_encaps,479,1.600399991730228,76513280,0.0,,x86_server
ML-KEM-768_encaps,480,1.6234999930020422,76513280,0.0,,x86_server
ML-KEM-768_encaps,481,1.5652999863959849,76513280,0.0,,x86_server
ML-KEM-768_encaps,482,1.59859997802414,76513280,0.0,,x86_server
ML-KEM-768_encaps,483,1.6349999932572246,76521472,0.0,,x86_server
ML-KEM-768_encaps,484,1.6062000067904592,76521472,0.0,,x86_server
ML-KEM-768_encaps,485,1.6022000054363161,76521472,0.0,,x86_server
ML-KEM-768_encaps,486,1.575100002810359,76521472,0.015625,,x86_server
ML-KEM-768_encaps,487,1.6261999844573438,76521472,0.0,,x86_server
ML-KEM-768_encaps,488,1.6490000125486404,76521472,0.0,,x86_server
ML-KEM-768_encaps,489,1.6060000052675605,76521472,0.0,,x86_server
ML-KEM-768_encaps,490,1.6025000077206641,76521472,0.0,,x86_server
ML-KEM-768_encaps,491,1.6143999819178134,76521472,0.0,,x86_server
ML-KEM-768_encaps,492,1.6068000113591552,76521472,0.0,,x86_server
ML-KEM-768_encaps,493,1.6072999860625714,76521472,0.0,,x86_server
ML-KEM-768_encaps,494,1.6196999931707978,76529664,0.0,,x86_server
ML-KEM-768_encaps,495,1.6101999790407717,76529664,0.015625,,x86_server
ML-KEM-768_encaps,496,1.6015000001061708,76529664,0.0,,x86_server
ML-KEM-768_encaps,497,1.609999977517873,76529664,0.0,,x86_server
ML-KEM-768_encaps,498,1.5946000057738274,76529664,0.0,,x86_server
ML-KEM-768_encaps,499,1.6094000020530075,76529664,0.0,,x86_server
ML-KEM-768_encaps,500,1.6090999997686595,76529664,0.0,,x86_server
ML-KEM-768_encaps,501,1.587799983099103,76529664,0.0,,x86_server
ML-KEM-768_encaps,502,1.6081999929156154,76529664,0.0,,x86_server
ML-KEM-768_encaps,503,1.6051999991759658,76529664,0.0,,x86_server
ML-KEM-768_encaps,504,1.5866000030655414,76529664,0.015625,,x86_server
ML-KEM-768_encaps,505,1.6206000000238419,76529664,0.0,,x86_server
ML-KEM-768_encaps,506,1.6247000021394342,76529664,0.0,,x86_server
ML-KEM-768_encaps,507,1.6172999748960137,76529664,0.0,,x86_server
ML-KEM-768_encaps,508,1.623300020582974,76529664,0.0,,x86_server
ML-KEM-768_encaps,509,1.5508000215049833,76529664,0.0,,x86_server
ML-KEM-768_encaps,510,1.5997000155039132,76529664,0.0,,x86_server
ML-KEM-768_encaps,511,1.5409000043291599,76529664,0.0,,x86_server
ML-KEM-768_encaps,512,1.5705999976489693,76529664,0.0,,x86_server
ML-KEM-768_encaps,513,1.5532999823335558,76533760,0.015625,,x86_server
ML-KEM-768_encaps,514,1.562199991894886,76533760,0.0,,x86_server
ML-KEM-768_encaps,515,1.5321999962907284,76537856,0.0,,x86_server
ML-KEM-768_encaps,516,1.5303999825846404,76537856,0.0,,x86_server
ML-KEM-768_encaps,517,1.5215000021271408,76537856,0.0,,x86_server
ML-KEM-768_encaps,518,1.5328000008594245,76537856,0.0,,x86_server
ML-KEM-768_encaps,519,1.6251000051852316,76537856,0.0,,x86_server
ML-KEM-768_encaps,520,1.6219000099226832,76537856,0.0,,x86_server
ML-KEM-768_encaps,521,1.5562000044155866,76537856,0.0,,x86_server
ML-KEM-768_encaps,522,1.595799985807389,76537856,0.015625,,x86_server
ML-KEM-768_encaps,523,1.5859999984968454,76537856,0.0,,x86_server
ML-KEM-768_encaps,524,1.5540999884251505,76537856,0.0,,x86_server
ML-KEM-768_encaps,525,1.589299994520843,76537856,0.0,,x86_server
ML-KEM-768_encaps,526,1.5842999855522066,76537856,0.0,,x86_server
ML-KEM-768_encaps,527,1.5548999945167452,76537856,0.0,,x86_server
ML-KEM-768_encaps,528,1.630400016438216,76537856,0.0,,x86_server
ML-KEM-768_encaps,529,1.5947000065352768,76537856,0.0,,x86_server
ML-KEM-768_encaps,530,1.5728999860584736,76537856,0.0,,x86_server
ML-KEM-768_encaps,531,1.6028000100050122,76537856,0.015625,,x86_server
ML-KEM-768_encaps,532,1.5449000056833029,76537856,0.0,,x86_server
ML-KEM-768_encaps,533,1.6330999787896872,76541952,0.0,,x86_server
ML-KEM-768_encaps,534,1.6171000024769455,76541952,0.0,,x86_server
ML-KEM-768_encaps,535,1.610899984370917,76541952,0.0,,x86_server
ML-KEM-768_encaps,536,1.6199999954551458,76546048,0.0,,x86_server
ML-KEM-768_encaps,537,1.6087999974843115,76546048,0.0,,x86_server
ML-KEM-768_encaps,538,1.6037000168580562,76546048,0.0,,x86_server
ML-KEM-768_encaps,539,1.6113000165205449,76546048,0.0,,x86_server
ML-KEM-768_encaps,540,1.6067000105977058,76546048,0.015625,,x86_server
ML-KEM-768_encaps,541,1.6049999976530671,76546048,0.0,,x86_server
ML-KEM-768_encaps,542,1.6088999982457608,76546048,0.0,,x86_server
ML-KEM-768_encaps,543,1.6592999745626003,76546048,0.0,,x86_server
ML-KEM-768_encaps,544,1.6075000166893005,76546048,0.0,,x86_server
ML-KEM-768_encaps,545,1.6416000144090503,76546048,0.0,,x86_server
ML-KEM-768_encaps,546,1.579100004164502,76550144,0.0,,x86_server
ML-KEM-768_encaps,547,1.5659999917261302,76554240,0.0,,x86_server
ML-KEM-768_encaps,548,1.6830000095069408,76554240,0.0,,x86_server
ML-KEM-768_encaps,549,1.607799989869818,76554240,0.015625,,x86_server
ML-KEM-768_encaps,550,1.6226000152528286,76554240,0.0,,x86_server
ML-KEM-768_encaps,551,1.7168000049423426,76554240,0.0,,x86_server
ML-KEM-768_encaps,552,1.6100999782793224,76558336,0.0,,x86_server
ML-KEM-768_encaps,553,1.6097000043373555,76558336,0.0,,x86_server
ML-KEM-768_encaps,554,1.7281000036746264,76558336,0.0,,x86_server
ML-KEM-768_encaps,555,1.6133000026457012,76558336,0.0,,x86_server
ML-KEM-768_encaps,556,1.6072999860625714,76558336,0.0,,x86_server
ML-KEM-768_encaps,557,1.6192999901250005,76558336,0.0,,x86_server
ML-KEM-768_encaps,558,1.604399993084371,76558336,0.015625,,x86_server
ML-KEM-768_encaps,559,1.609399972949177,76558336,0.0,,x86_server
ML-KEM-768_encaps,560,1.6087000258266926,76558336,0.0,,x86_server
ML-KEM-768_encaps,561,1.6088999982457608,76558336,0.0,,x86_server
ML-KEM-768_encaps,562,1.6241999983321875,76558336,0.0,,x86_server
ML-KEM-768_encaps,563,1.6108000127132982,76558336,0.0,,x86_server
ML-KEM-768_encaps,564,1.6095000028144568,76558336,0.0,,x86_server
ML-KEM-768_encaps,565,1.6064000083133578,76558336,0.0,,x86_server
ML-KEM-768_encaps,566,1.6064999799709767,76558336,0.0,,x86_server
ML-KEM-768_encaps,567,1.5910999791231006,76558336,0.0,,x86_server
ML-KEM-768_encaps,568,1.6317999979946762,76558336,0.0,,x86_server
ML-KEM-768_encaps,569,1.562199991894886,76558336,0.0,,x86_server
ML-KEM-768_encaps,570,1.5565000066999346,76558336,0.0,,x86_server
ML-KEM-768_encaps,571,1.624900003662333,76558336,0.0,,x86_server
ML-KEM-768_encaps,572,1.56460001016967,76562432,0.0,,x86_server
ML-KEM-768_encaps,573,1.5626999957021326,76562432,0.0,,x86_server
ML-KEM-768_encaps,574,1.5660999924875796,76562432,0.0,,x86_server
ML-KEM-768_encaps,575,1.618700014660135,76562432,0.0,,x86_server
ML-KEM-768_encaps,576,1.555399998323992,76562432,0.015625,,x86_server
ML-KEM-768_encaps,577,1.6242999990936369,76562432,0.0,,x86_server
ML-KEM-768_encaps,578,1.6229000175371766,76566528,0.0,,x86_server
ML-KEM-768_encaps,579,1.614599983440712,76570624,0.0,,x86_server
ML-KEM-768_encaps,580,1.6090999997686595,76570624,0.0,,x86_server
ML-KEM-768_encaps,581,1.6103000089060515,76570624,0.0,,x86_server
ML-KEM-768_encaps,582,1.6115999897010624,76570624,0.0,,x86_server
ML-KEM-768_encaps,583,1.611600018804893,76570624,0.0,,x86_server
ML-KEM-768_encaps,584,1.6184999840334058,76570624,0.0,,x86_server
ML-KEM-768_encaps,585,1.6209000023081899,76570624,0.015625,,x86_server
ML-KEM-768_encaps,586,1.6078000189736485,76570624,0.0,,x86_server
ML-KEM-768_encaps,587,1.6054000006988645,76570624,0.0,,x86_server
ML-KEM-768_encaps,588,1.6162999963853508,76570624,0.0,,x86_server
ML-KEM-768_encaps,589,1.6061999776866287,76570624,0.0,,x86_server
ML-KEM-768_encaps,590,1.5035000105854124,76570624,0.0,,x86_server
ML-KEM-768_encaps,591,1.5878000122029334,76574720,0.0,,x86_server
ML-KEM-768_encaps,592,1.5078000142239034,76574720,0.0,,x86_server
ML-KEM-768_encaps,593,1.750199997331947,76623872,0.015625,,x86_server
ML-KEM-768_encaps,594,1.7324999789707363,76623872,0.0,,x86_server
ML-KEM-768_encaps,595,1.7477000073995441,76623872,0.0,,x86_server
ML-KEM-768_encaps,596,1.7688999942038208,76623872,0.0,,x86_server
ML-KEM-768_encaps,597,1.7472999752499163,76623872,0.0,,x86_server
ML-KEM-768_encaps,598,1.7433000029996037,76623872,0.0,,x86_server
ML-KEM-768_encaps,599,1.7587000038474798,76623872,0.0,,x86_server
ML-KEM-768_encaps,600,1.7451999883633107,76623872,0.0,,x86_server
ML-KEM-768_encaps,601,1.6479000041726977,76623872,0.0,,x86_server
ML-KEM-768_encaps,602,1.5202999929897487,76623872,0.015625,,x86_server
ML-KEM-768_encaps,603,1.4683000044897199,76623872,0.0,,x86_server
ML-KEM-768_encaps,604,1.4616000116802752,76623872,0.0,,x86_server
ML-KEM-768_encaps,605,1.5722000098321587,76623872,0.0,,x86_server
ML-KEM-768_encaps,606,1.469200011342764,76623872,0.0,,x86_server
ML-KEM-768_encaps,607,1.5316999924834818,76623872,0.0,,x86_server
ML-KEM-768_encaps,608,1.6182000108528882,76623872,0.0,,x86_server
ML-KEM-768_encaps,609,1.6026000084821135,76623872,0.0,,x86_server
ML-KEM-768_encaps,610,1.6174000047612935,76632064,0.0,,x86_server
ML-KEM-768_encaps,611,1.7512000049464405,76636160,0.015625,,x86_server
ML-KEM-768_encaps,612,1.7168999765999615,76636160,0.0,,x86_server
ML-KEM-768_encaps,613,1.6198999946936965,76636160,0.0,,x86_server
ML-KEM-768_encaps,614,1.6063000075519085,76636160,0.0,,x86_server
ML-KEM-768_encaps,615,1.6097999759949744,76636160,0.0,,x86_server
ML-KEM-768_encaps,616,1.6105000104289502,76636160,0.0,,x86_server
ML-KEM-768_encaps,617,1.609699975233525,76636160,0.0,,x86_server
ML-KEM-768_encaps,618,1.621099974727258,76636160,0.0,,x86_server
ML-KEM-768_encaps,619,1.6194999916478992,76636160,0.0,,x86_server
ML-KEM-768_encaps,620,1.6127999988384545,76636160,0.015625,,x86_server
ML-KEM-768_encaps,621,1.6027999809011817,76636160,0.0,,x86_server
ML-KEM-768_encaps,622,1.6137000056914985,76636160,0.0,,x86_server
ML-KEM-768_encaps,623,1.6365000046789646,76636160,0.0,,x86_server
ML-KEM-768_encaps,624,1.670800003921613,76636160,0.0,,x86_server
ML-KEM-768_encaps,625,1.6070000128820539,76636160,0.0,,x86_server
ML-KEM-768_encaps,626,1.6134000034071505,76636160,0.0,,x86_server
ML-KEM-768_encaps,627,1.6128999995999038,76636160,0.0,,x86_server
ML-KEM-768_encaps,628,1.6079999913927168,76640256,0.0,,x86_server
ML-KEM-768_encaps,629,1.6099000058602542,76640256,0.0,,x86_server
ML-KEM-768_encaps,630,1.6256000089924783,76644352,0.0,,x86_server
ML-KEM-768_encaps,631,1.6171000024769455,76644352,0.0,,x86_server
ML-KEM-768_encaps,632,1.6097000043373555,76644352,0.0,,x86_server
ML-KEM-768_encaps,633,1.6120999935083091,76644352,0.0,,x86_server
ML-KEM-768_encaps,634,1.6107999836094677,76644352,0.0,,x86_server
ML-KEM-768_encaps,635,1.7167000041808933,76644352,0.0,,x86_server
ML-KEM-768_encaps,636,1.6351999947801232,76644352,0.0,,x86_server
ML-KEM-768_encaps,637,1.6125999973155558,76644352,0.015625,,x86_server
ML-KEM-768_encaps,638,1.582800003234297,76644352,0.0,,x86_server
ML-KEM-768_encaps,639,1.6126999980770051,76644352,0.0,,x86_server
ML-KEM-768_encaps,640,1.574199995957315,76644352,0.0,,x86_server
ML-KEM-768_encaps,641,1.5933999966364354,76644352,0.0,,x86_server
ML-KEM-768_encaps,642,1.5949999797157943,76648448,0.0,,x86_server
ML-KEM-768_encaps,643,1.5585999935865402,76648448,0.0,,x86_server
ML-KEM-768_encaps,644,1.588999992236495,76648448,0.0,,x86_server
ML-KEM-768_encaps,645,1.5912000089883804,76648448,0.0,,x86_server
ML-KEM-768_encaps,646,1.5586999943479896,76648448,0.0,,x86_server
ML-KEM-768_encaps,647,1.668099983362481,76648448,0.015625,,x86_server
ML-KEM-768_encaps,648,1.5826000017113984,76648448,0.0,,x86_server
ML-KEM-768_encaps,649,1.5547999937552959,76648448,0.0,,x86_server
ML-KEM-768_encaps,650,1.5191000129561871,76652544,0.0,,x86_server
ML-KEM-768_encaps,651,1.5223000082187355,76652544,0.0,,x86_server
ML-KEM-768_encaps,652,1.5708999999333173,76652544,0.0,,x86_server
ML-KEM-768_encaps,653,1.6202999977394938,76652544,0.0,,x86_server
ML-KEM-768_encaps,654,1.6119999927468598,76652544,0.0,,x86_server
ML-KEM-768_encaps,655,1.6131999727804214,76652544,0.0,,x86_server
ML-KEM-768_encaps,656,1.6142000094987452,76652544,0.015625,,x86_server
ML-KEM-768_encaps,657,1.6094000020530075,76652544,0.0,,x86_server
ML-KEM-768_encaps,658,1.6083000227808952,76652544,0.0,,x86_server
ML-KEM-768_encaps,659,1.6875999863259494,76652544,0.0,,x86_server
ML-KEM-768_encaps,660,1.6107000119518489,76656640,0.0,,x86_server
ML-KEM-768_encaps,661,1.607799989869818,76656640,0.0,,x86_server
ML-KEM-768_encaps,662,1.6056000022217631,76656640,0.0,,x86_server
ML-KEM-768_encaps,663,1.6057000029832125,76656640,0.0,,x86_server
ML-KEM-768_encaps,664,1.617999980226159,76656640,0.015625,,x86_server
ML-KEM-768_encaps,665,1.5847000177018344,76656640,0.0,,x86_server
ML-KEM-768_encaps,666,1.5644000086467713,76656640,0.0,,x86_server
ML-KEM-768_encaps,667,1.6235999937634915,76656640,0.0,,x86_server
ML-KEM-768_encaps,668,1.6042999923229218,76656640,0.0,,x86_server
ML-KEM-768_encaps,669,1.6209999739658087,76660736,0.0,,x86_server
ML-KEM-768_encaps,670,1.6727999900467694,76660736,0.0,,x86_server
ML-KEM-768_encaps,671,1.625500008231029,76660736,0.0,,x86_server
ML-KEM-768_encaps,672,1.6069000121206045,76660736,0.0,,x86_server
ML-KEM-768_encaps,673,1.601299998583272,76705792,0.015625,,x86_server
ML-KEM-768_encaps,674,1.6133000026457012,76709888,0.0,,x86_server
ML-KEM-768_encaps,675,1.632300001801923,76709888,0.0,,x86_server
ML-KEM-768_encaps,676,1.593599998159334,76713984,0.0,,x86_server
ML-KEM-768_encaps,677,1.5567999798804522,76713984,0.0,,x86_server
ML-KEM-768_encaps,678,1.5673000016249716,76713984,0.0,,x86_server
ML-KEM-768_encaps,679,1.6163999971468002,76713984,0.0,,x86_server
ML-KEM-768_encaps,680,1.6654999926686287,76713984,0.0,,x86_server
ML-KEM-768_encaps,681,1.7438999784644693,76713984,0.0,,x86_server
ML-KEM-768_encaps,682,1.7013000033330172,76713984,0.015625,,x86_server
ML-KEM-768_encaps,683,1.6212000045925379,76713984,0.0,,x86_server
ML-KEM-768_encaps,684,1.6196999931707978,76713984,0.0,,x86_server
ML-KEM-768_encaps,685,1.6204999992623925,76713984,0.0,,x86_server
ML-KEM-768_encaps,686,1.6413999837823212,76713984,0.0,,x86_server
ML-KEM-768_encaps,687,1.7407000123057514,76713984,0.0,,x86_server
ML-KEM-768_encaps,688,1.736999984132126,76713984,0.0,,x86_server
ML-KEM-768_encaps,689,1.6199999954551458,76718080,0.0,,x86_server
ML-KEM-768_encaps,690,1.6447000089101493,76718080,0.015625,,x86_server
ML-KEM-768_encaps,691,1.6799000150058419,76722176,0.0,,x86_server
ML-KEM-768_encaps,692,1.617999980226159,76722176,0.0,,x86_server
ML-KEM-768_encaps,693,1.6122999950312078,76722176,0.0,,x86_server
ML-KEM-768_encaps,694,1.5995999856386334,76722176,0.0,,x86_server
ML-KEM-768_encaps,695,1.6233999922405928,76722176,0.0,,x86_server
ML-KEM-768_encaps,696,1.6085999959614128,76722176,0.0,,x86_server
ML-KEM-768_encaps,697,1.6212999762501568,76722176,0.0,,x86_server
ML-KEM-768_encaps,698,1.6155999910552055,76722176,0.0,,x86_server
ML-KEM-768_encaps,699,1.6087000258266926,76722176,0.0,,x86_server
ML-KEM-768_encaps,700,1.650100020924583,76722176,0.015625,,x86_server
ML-KEM-768_encaps,701,1.667799981078133,76722176,0.0,,x86_server
ML-KEM-768_encaps,702,1.6142000094987452,76722176,0.0,,x86_server
ML-KEM-768_encaps,703,1.5886000182945281,76722176,0.0,,x86_server
ML-KEM-768_encaps,704,1.7265000205952674,76722176,0.0,,x86_server
ML-KEM-768_encaps,705,1.597299997229129,76722176,0.0,,x86_server
ML-KEM-768_encaps,706,1.4716000005137175,76726272,0.0,,x86_server
ML-KEM-768_encaps,707,1.5734000189695507,76726272,0.0,,x86_server
ML-KEM-768_encaps,708,1.4738999889232218,76730368,0.015625,,x86_server
ML-KEM-768_encaps,709,1.5334999770857394,76730368,0.0,,x86_server
ML-KEM-768_encaps,710,1.5170999977272004,76730368,0.0,,x86_server
ML-KEM-768_encaps,711,1.5724000113550574,76730368,0.0,,x86_server
ML-KEM-768_encaps,712,1.6069999837782234,76730368,0.0,,x86_server
ML-KEM-768_encaps,713,1.6123999957926571,76730368,0.0,,x86_server
ML-KEM-768_encaps,714,1.6101000073831528,76730368,0.0,,x86_server
ML-KEM-768_encaps,715,1.6180000093299896,76730368,0.0,,x86_server
ML-KEM-768_encaps,716,1.6391999961342663,76730368,0.0,,x86_server
ML-KEM-768_encaps,717,1.5987000078894198,76730368,0.015625,,x86_server
ML-KEM-768_encaps,718,1.559099997393787,76730368,0.0,,x86_server
ML-KEM-768_encaps,719,1.6348999924957752,76730368,0.0,,x86_server
ML-KEM-768_encaps,720,1.591100008226931,76730368,0.0,,x86_server
ML-KEM-768_encaps,721,1.6101000073831528,76730368,0.0,,x86_server
ML-KEM-768_encaps,722,1.5841000131331384,76730368,0.0,,x86_server
ML-KEM-768_encaps,723,1.582800003234297,76730368,0.0,,x86_server
ML-KEM-768_encaps,724,1.7419999931007624,76730368,0.0,,x86_server
ML-KEM-768_encaps,725,1.6122999950312078,76734464,0.0,,x86_server
ML-KEM-768_encaps,726,1.6373000107705593,76734464,0.015625,,x86_server
ML-KEM-768_encaps,727,1.7420999938622117,76734464,0.0,,x86_server
ML-KEM-768_encaps,728,1.655400003073737,76738560,0.0,,x86_server
ML-KEM-768_encaps,729,1.6155999910552055,76738560,0.0,,x86_server
ML-KEM-768_encaps,730,1.6136000049300492,76738560,0.0,,x86_server
ML-KEM-768_encaps,731,1.6272999928332865,76738560,0.0,,x86_server
ML-KEM-768_encaps,732,1.718100014841184,76738560,0.0,,x86_server
ML-KEM-768_encaps,733,1.5780999965500087,76738560,0.0,,x86_server
ML-KEM-768_encaps,734,1.5568999806419015,76738560,0.0,,x86_server
ML-KEM-768_encaps,735,1.562700024805963,76738560,0.015625,,x86_server
ML-KEM-768_encaps,736,1.5676000039093196,76738560,0.0,,x86_server
ML-KEM-768_encaps,737,1.5795999788679183,76738560,0.0,,x86_server
ML-KEM-768_encaps,738,1.5913000097498298,76742656,0.0,,x86_server
ML-KEM-768_encaps,739,1.6090000281110406,76742656,0.0,,x86_server
ML-KEM-768_encaps,740,1.5163000207394361,76742656,0.0,,x86_server
ML-KEM-768_encaps,741,1.5162000199779868,76742656,0.0,,x86_server
ML-KEM-768_encaps,742,1.6011999978218228,76742656,0.0,,x86_server
ML-KEM-768_encaps,743,1.568900013808161,76742656,0.0,,x86_server
ML-KEM-768_encaps,744,1.6237999952863902,76742656,0.015625,,x86_server
ML-KEM-768_encaps,745,1.559399999678135,76742656,0.0,,x86_server
ML-KEM-768_encaps,746,1.562799996463582,76742656,0.0,,x86_server
ML-KEM-768_encaps,747,1.6370000084862113,76750848,0.0,,x86_server
ML-KEM-768_encaps,748,1.5575999859720469,76750848,0.0,,x86_server
ML-KEM-768_encaps,749,1.6012000269256532,76750848,0.0,,x86_server
ML-KEM-768_encaps,750,1.6001999902073294,76750848,0.0,,x86_server
ML-KEM-768_encaps,751,1.6068000113591552,76750848,0.0,,x86_server
ML-KEM-768_encaps,752,1.5703999961260706,76750848,0.0,,x86_server
ML-KEM-768_encaps,753,1.6340999864041805,76750848,0.015625,,x86_server
ML-KEM-768_encaps,754,1.4682000037282705,76750848,0.0,,x86_server
ML-KEM-768_encaps,755,1.525300001958385,76750848,0.0,,x86_server
ML-KEM-768_encaps,756,1.5432999935001135,76750848,0.0,,x86_server
ML-KEM-768_encaps,757,1.5568000089842826,76750848,0.0,,x86_server
ML-KEM-768_encaps,758,1.55720001203008,76750848,0.0,,x86_server
ML-KEM-768_encaps,759,1.6342000162694603,76750848,0.0,,x86_server
ML-KEM-768_encaps,760,1.5676000039093196,76750848,0.0,,x86_server
ML-KEM-768_encaps,761,1.565800019307062,76754944,0.0,,x86_server
ML-KEM-768_encaps,762,1.6214000061154366,76754944,0.015625,,x86_server
ML-KEM-768_encaps,763,1.6098000050988048,76754944,0.0,,x86_server
ML-KEM-768_encaps,764,1.4826999977231026,76754944,0.0,,x86_server
ML-KEM-768_encaps,765,1.6235999937634915,76759040,0.0,,x86_server
ML-KEM-768_encaps,766,1.5390999906230718,76759040,0.0,,x86_server
ML-KEM-768_encaps,767,1.5443000011146069,76763136,0.0,,x86_server
ML-KEM-768_encaps,768,1.5962999896146357,76763136,0.0,,x86_server
ML-KEM-768_encaps,769,1.5061000012792647,76763136,0.0,,x86_server
ML-KEM-768_encaps,770,1.5300000086426735,76767232,0.0,,x86_server
ML-KEM-768_encaps,771,1.5125999925658107,76767232,0.015625,,x86_server
ML-KEM-768_encaps,772,1.5469999925699085,76767232,0.0,,x86_server
ML-KEM-768_encaps,773,1.6107000119518489,76767232,0.0,,x86_server
ML-KEM-768_encaps,774,1.6044999938458204,76767232,0.0,,x86_server
ML-KEM-768_encaps,775,1.6135999758262187,76767232,0.0,,x86_server
ML-KEM-768_encaps,776,1.6026000084821135,76767232,0.0,,x86_server
ML-KEM-768_encaps,777,1.5805000148247927,76767232,0.0,,x86_server
ML-KEM-768_encaps,778,1.5755000058561563,76767232,0.0,,x86_server
ML-KEM-768_encaps,779,1.5616000164300203,76767232,0.0,,x86_server
ML-KEM-768_encaps,780,1.5639000048395246,76767232,0.0,,x86_server
ML-KEM-768_encaps,781,1.5672000008635223,76767232,0.015625,,x86_server
ML-KEM-768_encaps,782,1.6038999892771244,76767232,0.0,,x86_server
ML-KEM-768_encaps,783,1.581899996381253,76767232,0.0,,x86_server
ML-KEM-768_encaps,784,1.5816999948583543,76767232,0.0,,x86_server
ML-KEM-768_encaps,785,1.5912999806459993,76767232,0.0,,x86_server
ML-KEM-768_encaps,786,1.596699992660433,76771328,0.0,,x86_server
ML-KEM-768_encaps,787,1.6125999973155558,76771328,0.0,,x86_server
ML-KEM-768_encaps,788,1.6072999860625714,76771328,0.0,,x86_server
ML-KEM-768_encaps,789,1.5767000149935484,76771328,0.0,,x86_server
ML-KEM-768_encaps,790,1.5974000270944089,76771328,0.015625,,x86_server
ML-KEM-768_encaps,791,1.5917000127956271,76771328,0.0,,x86_server
ML-KEM-768_encaps,792,1.5507999924011528,76771328,0.0,,x86_server
ML-KEM-768_encaps,793,1.5907000051811337,76771328,0.0,,x86_server
ML-KEM-768_encaps,794,1.5949000080581754,76771328,0.0,,x86_server
ML-KEM-768_encaps,795,1.5625000232830644,76771328,0.0,,x86_server
ML-KEM-768_encaps,796,1.5665000246372074,76775424,0.0,,x86_server
ML-KEM-768_encaps,797,1.562499994179234,76775424,0.0,,x86_server
ML-KEM-768_encaps,798,1.5978000010363758,76775424,0.0,,x86_server
ML-KEM-768_encaps,799,1.6117999912239611,76775424,0.015625,,x86_server
ML-KEM-768_encaps,800,1.51269999332726,76775424,0.0,,x86_server
ML-KEM-768_encaps,801,1.4733999851159751,76779520,0.0,,x86_server
ML-KEM-768_encaps,802,1.5992999833542854,76779520,0.0,,x86_server
ML-KEM-768_encaps,803,1.608200022019446,76779520,0.0,,x86_server
ML-KEM-768_encaps,804,1.6023999778553843,76779520,0.0,,x86_server
ML-KEM-768_encaps,805,1.6111000149976462,76779520,0.0,,x86_server
ML-KEM-768_encaps,806,1.6087000258266926,76783616,0.0,,x86_server
ML-KEM-768_encaps,807,1.6405000060331076,76783616,0.0,,x86_server
ML-KEM-768_encaps,808,1.6027999809011817,76783616,0.0,,x86_server
ML-KEM-768_encaps,809,1.610899984370917,76783616,0.0,,x86_server
ML-KEM-768_encaps,810,1.748999988194555,76783616,0.0,,x86_server
ML-KEM-768_encaps,811,1.6088999982457608,76783616,0.0,,x86_server
ML-KEM-768_encaps,812,1.5804999857209623,76783616,0.0,,x86_server
ML-KEM-768_encaps,813,1.582199998665601,76783616,0.0,,x86_server
ML-KEM-768_encaps,814,1.6093000012915581,76787712,0.0,,x86_server
ML-KEM-768_encaps,815,1.594800007296726,76787712,0.0,,x86_server
ML-KEM-768_encaps,816,1.6262999852187932,76787712,0.015625,,x86_server
ML-KEM-768_encaps,817,1.6079999913927168,76787712,0.0,,x86_server
ML-KEM-768_encaps,818,1.6194999916478992,76787712,0.0,,x86_server
ML-KEM-768_encaps,819,1.6140000079758465,76787712,0.0,,x86_server
ML-KEM-768_encaps,820,1.6105000104289502,76787712,0.0,,x86_server
ML-KEM-768_encaps,821,1.6070000128820539,76787712,0.0,,x86_server
ML-KEM-768_encaps,822,1.664000010350719,76787712,0.0,,x86_server
ML-KEM-768_encaps,823,1.5899999998509884,76787712,0.0,,x86_server
ML-KEM-768_encaps,824,1.576600014232099,76787712,0.0,,x86_server
ML-KEM-768_encaps,825,1.562799996463582,76791808,0.0,,x86_server
ML-KEM-768_encaps,826,1.5618999896105379,76791808,0.015625,,x86_server
ML-KEM-768_encaps,827,1.5638000040780753,76791808,0.0,,x86_server
ML-KEM-768_encaps,828,1.5635000017937273,76791808,0.0,,x86_server
ML-KEM-768_encaps,829,1.5663000231143087,76791808,0.0,,x86_server
ML-KEM-768_encaps,830,1.584300014656037,76791808,0.0,,x86_server
ML-KEM-768_encaps,831,1.6076999891083688,76791808,0.0,,x86_server
ML-KEM-768_encaps,832,1.5802000125404447,76791808,0.0,,x86_server
ML-KEM-768_encaps,833,1.5829000039957464,76795904,0.0,,x86_server
ML-KEM-768_encaps,834,1.6049999976530671,76795904,0.0,,x86_server
ML-KEM-768_encaps,835,1.6155999910552055,76795904,0.015625,,x86_server
ML-KEM-768_encaps,836,1.5978000010363758,76795904,0.0,,x86_server
ML-KEM-768_encaps,837,1.5921000158414245,76795904,0.0,,x86_server
ML-KEM-768_encaps,838,1.5586999943479896,76800000,0.0,,x86_server
ML-KEM-768_encaps,839,1.593599998159334,76800000,0.0,,x86_server
ML-KEM-768_encaps,840,1.5933999966364354,76800000,0.0,,x86_server
ML-KEM-768_encaps,841,1.5941000019665807,76800000,0.0,,x86_server
ML-KEM-768_encaps,842,1.6248000029008836,76800000,0.0,,x86_server
ML-KEM-768_encaps,843,1.5583999920636415,76800000,0.015625,,x86_server
ML-KEM-768_encaps,844,1.5562000044155866,76800000,0.0,,x86_server
ML-KEM-768_encaps,845,1.600999996298924,76804096,0.0,,x86_server
ML-KEM-768_encaps,846,1.6104000096675009,76804096,0.0,,x86_server
ML-KEM-768_encaps,847,1.5559000021312386,76804096,0.0,,x86_server
ML-KEM-768_encaps,848,1.630400016438216,76804096,0.0,,x86_server
ML-KEM-768_encaps,849,1.5588000242132694,76804096,0.0,,x86_server
ML-KEM-768_encaps,850,1.5565000066999346,76804096,0.0,,x86_server
ML-KEM-768_encaps,851,1.599199982592836,76804096,0.0,,x86_server
ML-KEM-768_encaps,852,1.601299998583272,76804096,0.015625,,x86_server
ML-KEM-768_encaps,853,1.5596000012010336,76804096,0.0,,x86_server
ML-KEM-768_encaps,854,1.632600004086271,76804096,0.0,,x86_server
ML-KEM-768_encaps,855,1.6188999870792031,76804096,0.0,,x86_server
ML-KEM-768_encaps,856,1.607199985301122,76804096,0.0,,x86_server
ML-KEM-768_encaps,857,1.6545999969821423,76804096,0.0,,x86_server
ML-KEM-768_encaps,858,1.6534000169485807,76804096,0.0,,x86_server
ML-KEM-768_encaps,859,1.6097000043373555,76804096,0.0,,x86_server
ML-KEM-768_encaps,860,1.5755000058561563,76804096,0.0,,x86_server
ML-KEM-768_encaps,861,1.5589999966323376,76808192,0.015625,,x86_server
ML-KEM-768_encaps,862,1.6562000091653317,76808192,0.0,,x86_server
ML-KEM-768_encaps,863,1.721899985568598,76808192,0.0,,x86_server
ML-KEM-768_encaps,864,1.6168000001925975,76812288,0.0,,x86_server
ML-KEM-768_encaps,865,1.611600018804893,76812288,0.0,,x86_server
ML-KEM-768_encaps,866,1.6567000129725784,76816384,0.0,,x86_server
ML-KEM-768_encaps,867,1.7302000196650624,76816384,0.0,,x86_server
ML-KEM-768_encaps,868,1.6770999936852604,76816384,0.0,,x86_server
ML-KEM-768_encaps,869,1.6986000118777156,76816384,0.0,,x86_server
ML-KEM-768_encaps,870,1.6076999891083688,76816384,0.015625,,x86_server
ML-KEM-768_encaps,871,1.6088999982457608,76816384,0.0,,x86_server
ML-KEM-768_encaps,872,1.5916999836917967,76816384,0.0,,x86_server
ML-KEM-768_encaps,873,1.5633000002708286,76816384,0.0,,x86_server
ML-KEM-768_encaps,874,1.6223000129684806,76816384,0.0,,x86_server
ML-KEM-768_encaps,875,1.6333000094164163,76816384,0.0,,x86_server
ML-KEM-768_encaps,876,1.6109000134747475,76816384,0.0,,x86_server
ML-KEM-768_encaps,877,1.6095000028144568,76820480,0.0,,x86_server
ML-KEM-768_encaps,878,1.6108000127132982,76820480,0.0,,x86_server
ML-KEM-768_encaps,879,1.613099972018972,76820480,0.015625,,x86_server
ML-KEM-768_encaps,880,1.6090999997686595,76820480,0.0,,x86_server
ML-KEM-768_encaps,881,1.628900005016476,76832768,0.0,,x86_server
ML-KEM-768_encaps,882,1.6088999982457608,76832768,0.0,,x86_server
ML-KEM-768_encaps,883,1.6108000127132982,76832768,0.0,,x86_server
ML-KEM-768_encaps,884,1.6127999988384545,76836864,0.0,,x86_server
ML-KEM-768_encaps,885,1.6139000072143972,76836864,0.0,,x86_server
ML-KEM-768_encaps,886,1.7120999982580543,76836864,0.0,,x86_server
ML-KEM-768_encaps,887,1.592999993590638,76836864,0.0,,x86_server
ML-KEM-768_encaps,888,1.6072999860625714,76836864,0.015625,,x86_server
ML-KEM-768_encaps,889,1.6064000083133578,76836864,0.0,,x86_server
ML-KEM-768_encaps,890,1.55570000060834,76836864,0.0,,x86_server
ML-KEM-768_encaps,891,1.5893999952822924,76836864,0.0,,x86_server
ML-KEM-768_encaps,892,1.6303000156767666,76836864,0.0,,x86_server
ML-KEM-768_encaps,893,1.6120999935083091,76836864,0.0,,x86_server
ML-KEM-768_encaps,894,1.6071000136435032,76836864,0.0,,x86_server
ML-KEM-768_encaps,895,1.6144000110216439,76836864,0.0,,x86_server
ML-KEM-768_encaps,896,1.6126999980770051,76836864,0.0,,x86_server
ML-KEM-768_encaps,897,1.6127999988384545,76840960,0.015625,,x86_server
ML-KEM-768_encaps,898,1.618299982510507,76840960,0.0,,x86_server
ML-KEM-768_encaps,899,1.6199999954551458,76840960,0.0,,x86_server
ML-KEM-768_encaps,900,1.5792999765835702,76840960,0.0,,x86_server
ML-KEM-768_encaps,901,1.5578999882563949,76840960,0.0,,x86_server
ML-KEM-768_encaps,902,1.592999993590638,76840960,0.0,,x86_server
ML-KEM-768_encaps,903,1.5958999865688384,76845056,0.0,,x86_server
ML-KEM-768_encaps,904,1.601299998583272,76845056,0.0,,x86_server
ML-KEM-768_encaps,905,1.6146000125445426,76845056,0.0,,x86_server
ML-KEM-768_encaps,906,1.5944000042509288,76845056,0.015625,,x86_server
ML-KEM-768_encaps,907,1.601299998583272,76845056,0.0,,x86_server
ML-KEM-768_encaps,908,1.571700006024912,76845056,0.0,,x86_server
ML-KEM-768_encaps,909,1.5691000153310597,76845056,0.0,,x86_server
ML-KEM-768_encaps,910,1.6259999829344451,76845056,0.0,,x86_server
ML-KEM-768_encaps,911,1.5887999907135963,76845056,0.0,,x86_server
ML-KEM-768_encaps,912,1.6086999967228621,76845056,0.0,,x86_server
ML-KEM-768_encaps,913,1.629500009585172,76845056,0.0,,x86_server
ML-KEM-768_encaps,914,1.5974000270944089,76845056,0.0,,x86_server
ML-KEM-768_encaps,915,1.5934000257402658,76845056,0.015625,,x86_server
ML-KEM-768_encaps,916,1.6097000043373555,76845056,0.0,,x86_server
ML-KEM-768_encaps,917,1.59420000272803,76845056,0.0,,x86_server
ML-KEM-768_encaps,918,1.586200000019744,76845056,0.0,,x86_server
ML-KEM-768_encaps,919,1.590800005942583,76845056,0.0,,x86_server
ML-KEM-768_encaps,920,1.5549999952781945,76845056,0.0,,x86_server
ML-KEM-768_encaps,921,1.5925000188872218,76845056,0.0,,x86_server
ML-KEM-768_encaps,922,1.6083000227808952,76845056,0.0,,x86_server
ML-KEM-768_encaps,923,1.6178000078070909,76849152,0.015625,,x86_server
ML-KEM-768_encaps,924,1.6089000273495913,76849152,0.0,,x86_server
ML-KEM-768_encaps,925,1.6117000195663422,76849152,0.0,,x86_server
ML-KEM-768_encaps,926,1.6158999933395535,76849152,0.0,,x86_server
ML-KEM-768_encaps,927,1.6260999836958945,76849152,0.0,,x86_server
ML-KEM-768_encaps,928,1.604399993084371,76849152,0.0,,x86_server
ML-KEM-768_encaps,929,1.6134000034071505,76853248,0.0,,x86_server
ML-KEM-768_encaps,930,1.6150999872479588,76857344,0.0,,x86_server
ML-KEM-768_encaps,931,1.5994000132195652,76857344,0.0,,x86_server
ML-KEM-768_encaps,932,1.5718999784439802,76857344,0.0,,x86_server
ML-KEM-768_encaps,933,1.6230999899562448,76857344,0.015625,,x86_server
ML-KEM-768_encaps,934,1.6126999980770051,76857344,0.0,,x86_server
ML-KEM-768_encaps,935,1.6137000056914985,76857344,0.0,,x86_server
ML-KEM-768_encaps,936,1.6236999945249408,76857344,0.0,,x86_server
ML-KEM-768_encaps,937,1.6059000045061111,76857344,0.0,,x86_server
ML-KEM-768_encaps,938,1.595799985807389,76857344,0.0,,x86_server
ML-KEM-768_encaps,939,1.6301999858114868,76857344,0.0,,x86_server
ML-KEM-768_encaps,940,1.5922000166028738,76857344,0.0,,x86_server
ML-KEM-768_encaps,941,1.5626999957021326,76861440,0.0,,x86_server
ML-KEM-768_encaps,942,1.6024000069592148,76865536,0.015625,,x86_server
ML-KEM-768_encaps,943,1.5965999918989837,76865536,0.0,,x86_server
ML-KEM-768_encaps,944,1.5819999971427023,76865536,0.0,,x86_server
ML-KEM-768_encaps,945,1.604099990800023,76865536,0.0,,x86_server
ML-KEM-768_encaps,946,1.5565999783575535,76865536,0.0,,x86_server
ML-KEM-768_encaps,947,1.5656999894417822,76865536,0.0,,x86_server
ML-KEM-768_encaps,948,1.5995999856386334,76865536,0.0,,x86_server
ML-KEM-768_encaps,949,1.5866000030655414,76865536,0.0,,x86_server
ML-KEM-768_encaps,950,1.5826000017113984,76865536,0.015625,,x86_server
ML-KEM-768_encaps,951,1.5881999861449003,76865536,0.0,,x86_server
ML-KEM-768_encaps,952,1.6179000085685402,76865536,0.0,,x86_server
ML-KEM-768_encaps,953,1.6117999912239611,76865536,0.0,,x86_server
ML-KEM-768_encaps,954,1.6061999776866287,76865536,0.0,,x86_server
ML-KEM-768_encaps,955,1.6125999973155558,76865536,0.0,,x86_server
ML-KEM-768_encaps,956,1.6149000148288906,76865536,0.0,,x86_server
ML-KEM-768_encaps,957,1.6055000014603138,76865536,0.0,,x86_server
ML-KEM-768_encaps,958,1.6103000089060515,76865536,0.0,,x86_server
ML-KEM-768_encaps,959,1.6103999805636704,76865536,0.015625,,x86_server
ML-KEM-768_encaps,960,1.607199985301122,76865536,0.0,,x86_server
ML-KEM-768_encaps,961,1.6299000126309693,76869632,0.0,,x86_server
ML-KEM-768_encaps,962,1.64899998344481,76873728,0.0,,x86_server
ML-KEM-768_encaps,963,1.5934999973978847,76873728,0.0,,x86_server
ML-KEM-768_encaps,964,1.559399999678135,76873728,0.0,,x86_server
ML-KEM-768_encaps,965,1.6042999923229218,76877824,0.0,,x86_server
ML-KEM-768_encaps,966,1.599799987161532,76877824,0.0,,x86_server
ML-KEM-768_encaps,967,1.5850999916438013,76877824,0.0,,x86_server
ML-KEM-768_encaps,968,1.611199986655265,76877824,0.015625,,x86_server
ML-KEM-768_encaps,969,1.6051999991759658,76877824,0.0,,x86_server
ML-KEM-768_encaps,970,1.6170000017154962,76877824,0.0,,x86_server
ML-KEM-768_encaps,971,1.6061000060290098,76877824,0.0,,x86_server
ML-KEM-768_encaps,972,1.6125999973155558,76877824,0.0,,x86_server
ML-KEM-768_encaps,973,1.6127999988384545,76914688,0.0,,x86_server
ML-KEM-768_encaps,974,1.6075999883469194,76914688,0.0,,x86_server
ML-KEM-768_encaps,975,1.606899983016774,76914688,0.0,,x86_server
ML-KEM-768_encaps,976,1.6147999849636108,76914688,0.0,,x86_server
ML-KEM-768_encaps,977,1.6107999836094677,76914688,0.015625,,x86_server
ML-KEM-768_encaps,978,1.5780999965500087,76914688,0.0,,x86_server
ML-KEM-768_encaps,979,1.6245000006165355,76914688,0.0,,x86_server
ML-KEM-768_encaps,980,1.559099997393787,76914688,0.0,,x86_server
ML-KEM-768_encaps,981,1.564300007885322,76918784,0.0,,x86_server
ML-KEM-768_encaps,982,1.6144999826792628,76918784,0.0,,x86_server
ML-KEM-768_encaps,983,1.6055000014603138,76918784,0.0,,x86_server
ML-KEM-768_encaps,984,1.5648000116925687,76918784,0.0,,x86_server
ML-KEM-768_encaps,985,1.6446000081487,76918784,0.0,,x86_server
ML-KEM-768_encaps,986,1.6292999789584428,76918784,0.015625,,x86_server
ML-KEM-768_encaps,987,1.4711999974679202,76918784,0.0,,x86_server
ML-KEM-768_encaps,988,1.5466999902855605,76918784,0.0,,x86_server
ML-KEM-768_encaps,989,1.5381000121124089,76918784,0.0,,x86_server
ML-KEM-768_encaps,990,1.49940000846982,76918784,0.0,,x86_server
ML-KEM-768_encaps,991,1.5810999902896583,76918784,0.0,,x86_server
ML-KEM-768_encaps,992,1.567100000102073,76918784,0.0,,x86_server
ML-KEM-768_encaps,993,1.4772999857086688,76922880,0.0,,x86_server
ML-KEM-768_encaps,994,1.600699994014576,76922880,0.0,,x86_server
ML-KEM-768_encaps,995,1.4890000165905803,76922880,0.015625,,x86_server
ML-KEM-768_encaps,996,1.6083999944385141,76922880,0.0,,x86_server
ML-KEM-768_encaps,997,1.6090999997686595,76922880,0.0,,x86_server
ML-KEM-768_encaps,998,1.611499988939613,76922880,0.0,,x86_server
ML-KEM-768_encaps,999,1.6074000159278512,76922880,0.0,,x86_server
ML-KEM-768_decaps,0,1.211199996760115,77488128,0.0,,x86_server
ML-KEM-768_decaps,1,1.2487999920267612,77488128,0.0,,x86_server
ML-KEM-768_decaps,2,1.2413999938871711,77488128,0.0,,x86_server
ML-KEM-768_decaps,3,1.2146999943070114,77488128,0.015625,,x86_server
ML-KEM-768_decaps,4,1.248000015038997,77488128,0.0,,x86_server
ML-KEM-768_decaps,5,1.2378999963402748,77488128,0.0,,x86_server
ML-KEM-768_decaps,6,1.2123000051360577,77488128,0.0,,x86_server
ML-KEM-768_decaps,7,1.2414999946486205,77488128,0.0,,x86_server
ML-KEM-768_decaps,8,1.244300015969202,77488128,0.0,,x86_server
ML-KEM-768_decaps,9,1.3389000087045133,77488128,0.0,,x86_server
ML-KEM-768_decaps,10,1.2113999982830137,77488128,0.0,,x86_server
ML-KEM-768_decaps,11,1.215199998114258,77488128,0.0,,x86_server
ML-KEM-768_decaps,12,1.2573999993037432,77488128,0.0,,x86_server
ML-KEM-768_decaps,13,1.135500002419576,77488128,0.0,,x86_server
ML-KEM-768_decaps,14,1.1365999816916883,77488128,0.0,,x86_server
ML-KEM-768_decaps,15,1.1409000144340098,77488128,0.015625,,x86_server
ML-KEM-768_decaps,16,1.1763999937102199,77488128,0.0,,x86_server
ML-KEM-768_decaps,17,1.2103999906685203,77488128,0.0,,x86_server
ML-KEM-768_decaps,18,1.2540000025182962,77488128,0.0,,x86_server
ML-KEM-768_decaps,19,1.2518999865278602,77488128,0.0,,x86_server
ML-KEM-768_decaps,20,1.2438999838195741,77488128,0.0,,x86_server
ML-KEM-768_decaps,21,1.249200024176389,77488128,0.0,,x86_server
ML-KEM-768_decaps,22,1.2462000013329089,77488128,0.0,,x86_server
ML-KEM-768_decaps,23,1.2506000057328492,77488128,0.0,,x86_server
ML-KEM-768_decaps,24,1.2488000211305916,77488128,0.0,,x86_server
ML-KEM-768_decaps,25,1.223500003106892,77492224,0.0,,x86_server
ML-KEM-768_decaps,26,1.2491999950725585,77492224,0.0,,x86_server
ML-KEM-768_decaps,27,1.2271999730728567,77492224,0.015625,,x86_server
ML-KEM-768_decaps,28,1.209600013680756,77492224,0.0,,x86_server
ML-KEM-768_decaps,29,1.206500019179657,77492224,0.0,,x86_server
ML-KEM-768_decaps,30,1.2394000077620149,77492224,0.0,,x86_server
ML-KEM-768_decaps,31,1.2507000064942986,77492224,0.0,,x86_server
ML-KEM-768_decaps,32,1.214599993545562,77492224,0.0,,x86_server
ML-KEM-768_decaps,33,1.2521999888122082,77492224,0.0,,x86_server
ML-KEM-768_decaps,34,1.2518999865278602,77492224,0.0,,x86_server
ML-KEM-768_decaps,35,1.2475000112317502,77492224,0.0,,x86_server
ML-KEM-768_decaps,36,1.2700999795924872,77492224,0.0,,x86_server
ML-KEM-768_decaps,37,1.2537000002339482,77492224,0.0,,x86_server
ML-KEM-768_decaps,38,1.26379998982884,77492224,0.015625,,x86_server
ML-KEM-768_decaps,39,1.280700002098456,77492224,0.0,,x86_server
ML-KEM-768_decaps,40,1.2088000075891614,77492224,0.0,,x86_server
ML-KEM-768_decaps,41,1.2679999927058816,77492224,0.0,,x86_server
ML-KEM-768_decaps,42,1.2248999846633524,77492224,0.0,,x86_server
ML-KEM-768_decaps,43,1.2098999868612736,77492224,0.0,,x86_server
ML-KEM-768_decaps,44,1.2120000028517097,77492224,0.0,,x86_server
ML-KEM-768_decaps,45,1.2700000079348683,77492224,0.0,,x86_server
ML-KEM-768_decaps,46,1.2171000125817955,77492224,0.0,,x86_server
ML-KEM-768_decaps,47,1.2057000130880624,77492224,0.0,,x86_server
ML-KEM-768_decaps,48,1.2120000028517097,77492224,0.0,,x86_server
ML-KEM-768_decaps,49,1.2119000020902604,77492224,0.015625,,x86_server
ML-KEM-768_decaps,50,1.2098999868612736,77492224,0.0,,x86_server
ML-KEM-768_decaps,51,1.2377999955788255,77492224,0.0,,x86_server
ML-KEM-768_decaps,52,1.2516000133473426,77492224,0.0,,x86_server
ML-KEM-768_decaps,53,1.2402999855112284,77492224,0.0,,x86_server
ML-KEM-768_decaps,54,1.2983999913558364,77492224,0.0,,x86_server
ML-KEM-768_decaps,55,1.202599989483133,77492224,0.0,,x86_server
ML-KEM-768_decaps,56,1.2393000070005655,77492224,0.0,,x86_server
ML-KEM-768_decaps,57,1.2091000098735094,77492224,0.0,,x86_server
ML-KEM-768_decaps,58,1.212400005897507,77492224,0.0,,x86_server
ML-KEM-768_decaps,59,1.2295000196900219,77492224,0.0,,x86_server
ML-KEM-768_decaps,60,1.2546000070869923,77492224,0.015625,,x86_server
ML-KEM-768_decaps,61,1.2168999819550663,77492224,0.0,,x86_server
ML-KEM-768_decaps,62,1.2103000190109015,77492224,0.0,,x86_server
ML-KEM-768_decaps,63,1.2103000190109015,77492224,0.0,,x86_server
ML-KEM-768_decaps,64,1.213699986692518,77492224,0.0,,x86_server
ML-KEM-768_decaps,65,1.2194000009912997,77492224,0.0,,x86_server
ML-KEM-768_decaps,66,1.2430000060703605,77492224,0.0,,x86_server
ML-KEM-768_decaps,67,1.2556999863591045,77492224,0.0,,x86_server
ML-KEM-768_decaps,68,1.2415999954100698,77492224,0.0,,x86_server
ML-KEM-768_decaps,69,1.2565999932121485,77492224,0.0,,x86_server
ML-KEM-768_decaps,70,1.2523999903351068,77492224,0.0,,x86_server
ML-KEM-768_decaps,71,1.18530000327155,77492224,0.0,,x86_server
ML-KEM-768_decaps,72,1.1399000068195164,77492224,0.015625,,x86_server
ML-KEM-768_decaps,73,1.1397000052966177,77492224,0.0,,x86_server
ML-KEM-768_decaps,74,1.2095000129193068,77492224,0.0,,x86_server
ML-KEM-768_decaps,75,1.1983000149484724,77492224,0.0,,x86_server
ML-KEM-768_decaps,76,1.2122000043746084,77492224,0.0,,x86_server
ML-KEM-768_decaps,77,1.220199977979064,77492224,0.0,,x86_server
ML-KEM-768_decaps,78,1.2595000152941793,77492224,0.0,,x86_server
ML-KEM-768_decaps,79,1.2113999982830137,77492224,0.0,,x86_server
ML-KEM-768_decaps,80,1.2110999959986657,77492224,0.0,,x86_server
ML-KEM-768_decaps,81,1.2370000185910612,77492224,0.0,,x86_server
ML-KEM-768_decaps,82,1.2543000048026443,77492224,0.0,,x86_server
ML-KEM-768_decaps,83,1.2550000101327896,77492224,0.0,,x86_server
ML-KEM-768_decaps,84,1.2549000093713403,77492224,0.015625,,x86_server
ML-KEM-768_decaps,85,1.2521000171545893,77492224,0.0,,x86_server
ML-KEM-768_decaps,86,1.209699985338375,77492224,0.0,,x86_server
ML-KEM-768_decaps,87,1.211499999044463,77492224,0.0,,x86_server
ML-KEM-768_decaps,88,1.2102000182494521,77492224,0.0,,x86_server
ML-KEM-768_decaps,89,1.2543000048026443,77492224,0.0,,x86_server
ML-KEM-768_decaps,90,1.2351000041235238,77492224,0.0,,x86_server
ML-KEM-768_decaps,91,1.213300012750551,77492224,0.0,,x86_server
ML-KEM-768_decaps,92,1.210299989907071,77492224,0.0,,x86_server
ML-KEM-768_decaps,93,1.2138000165577978,77492224,0.0,,x86_server
ML-KEM-768_decaps,94,1.2420000275596976,77492224,0.0,,x86_server
ML-KEM-768_decaps,95,1.2756999931298196,77492224,0.015625,,x86_server
ML-KEM-768_decaps,96,1.3466999807860702,77492224,0.0,,x86_server
ML-KEM-768_decaps,97,1.2564999924506992,77492224,0.0,,x86_server
ML-KEM-768_decaps,98,1.260300021385774,77492224,0.0,,x86_server
ML-KEM-768_decaps,99,1.2547999795060605,77492224,0.0,,x86_server
ML-KEM-768_decaps,100,1.2465000036172569,77492224,0.0,,x86_server
ML-KEM-768_decaps,101,1.2488999927882105,77492224,0.0,,x86_server
ML-KEM-768_decaps,102,1.2490999943111092,77492224,0.0,,x86_server
ML-KEM-768_decaps,103,1.2527999933809042,77492224,0.0,,x86_server
ML-KEM-768_decaps,104,1.2278000067453831,77492224,0.0,,x86_server
ML-KEM-768_decaps,105,1.2091000098735094,77492224,0.0,,x86_server
ML-KEM-768_decaps,106,1.2186999956611544,77492224,0.015625,,x86_server
ML-KEM-768_decaps,107,1.2525999918580055,77492224,0.0,,x86_server
ML-KEM-768_decaps,108,1.2518999865278602,77492224,0.0,,x86_server
ML-KEM-768_decaps,109,1.2159000034444034,77492224,0.0,,x86_server
ML-KEM-768_decaps,110,1.2484999897424132,77492224,0.0,,x86_server
ML-KEM-768_decaps,111,1.2703999818768352,77492224,0.0,,x86_server
ML-KEM-768_decaps,112,1.2504000042099506,77492224,0.0,,x86_server
ML-KEM-768_decaps,113,1.256300020031631,77492224,0.0,,x86_server
ML-KEM-768_decaps,114,1.3599000230897218,77492224,0.0,,x86_server
ML-KEM-768_decaps,115,1.2461000005714595,77492224,0.0,,x86_server
ML-KEM-768_decaps,116,1.2517999857664108,77492224,0.0,,x86_server
ML-KEM-768_decaps,117,1.2989999959245324,77492224,0.015625,,x86_server
ML-KEM-768_decaps,118,1.3062000216450542,77492224,0.0,,x86_server
ML-KEM-768_decaps,119,1.2488999927882105,77492224,0.0,,x86_server
ML-KEM-768_decaps,120,1.3250000192783773,77492224,0.0,,x86_server
ML-KEM-768_decaps,121,1.2933999823872,77492224,0.0,,x86_server
ML-KEM-768_decaps,122,1.2518999865278602,77492224,0.0,,x86_server
ML-KEM-768_decaps,123,1.2527000217232853,77492224,0.0,,x86_server
ML-KEM-768_decaps,124,1.288400002522394,77492224,0.0,,x86_server
ML-KEM-768_decaps,125,1.2676999904215336,77492224,0.0,,x86_server
ML-KEM-768_decaps,126,1.2543000048026443,77492224,0.0,,x86_server
ML-KEM-768_decaps,127,1.2527999933809042,77492224,0.0,,x86_server
ML-KEM-768_decaps,128,1.3004000065848231,77492224,0.015625,,x86_server
ML-KEM-768_decaps,129,1.2566999939735979,77492224,0.0,,x86_server
ML-KEM-768_decaps,130,1.2493999965954572,77492224,0.0,,x86_server
ML-KEM-768_decaps,131,1.250200002687052,77492224,0.0,,x86_server
ML-KEM-768_decaps,132,1.2700000079348683,77492224,0.0,,x86_server
ML-KEM-768_decaps,133,1.21339998440817,77492224,0.0,,x86_server
ML-KEM-768_decaps,134,1.212799979839474,77492224,0.0,,x86_server
ML-KEM-768_decaps,135,1.2567000230774283,77492224,0.0,,x86_server
ML-KEM-768_decaps,136,1.2139000173192471,77492224,0.0,,x86_server
ML-KEM-768_decaps,137,1.2172999850008637,77492224,0.0,,x86_server
ML-KEM-768_decaps,138,1.2094999838154763,77492224,0.0,,x86_server
ML-KEM-768_decaps,139,1.213300012750551,77492224,0.015625,,x86_server
ML-KEM-768_decaps,140,1.2218999909237027,77492224,0.0,,x86_server
ML-KEM-768_decaps,141,1.281300006667152,77492224,0.0,,x86_server
ML-KEM-768_decaps,142,1.2614000006578863,77492224,0.0,,x86_server
ML-KEM-768_decaps,143,1.2066999915987253,77492224,0.0,,x86_server
ML-KEM-768_decaps,144,1.1444000119809061,77492224,0.0,,x86_server
ML-KEM-768_decaps,145,1.1411999876145273,77492224,0.0,,x86_server
ML-KEM-768_decaps,146,1.2141999904997647,77492224,0.0,,x86_server
ML-KEM-768_decaps,147,1.2002000003121793,77492224,0.0,,x86_server
ML-KEM-768_decaps,148,1.2089000083506107,77492224,0.0,,x86_server
ML-KEM-768_decaps,149,1.211800001328811,77492224,0.0,,x86_server
ML-KEM-768_decaps,150,1.1728999961633235,77492224,0.0,,x86_server
ML-KEM-768_decaps,151,1.1999999987892807,77492224,0.015625,,x86_server
ML-KEM-768_decaps,152,1.2490000226534903,77492224,0.0,,x86_server
ML-KEM-768_decaps,153,1.2541999749373645,77492224,0.0,,x86_server
ML-KEM-768_decaps,154,1.250200002687052,77492224,0.0,,x86_server
ML-KEM-768_decaps,155,1.214299991261214,77492224,0.0,,x86_server
ML-KEM-768_decaps,156,1.265600003534928,77492224,0.0,,x86_server
ML-KEM-768_decaps,157,1.2564999924506992,77492224,0.0,,x86_server
ML-KEM-768_decaps,158,1.2632000143639743,77492224,0.0,,x86_server
ML-KEM-768_decaps,159,1.249200024176389,77492224,0.0,,x86_server
ML-KEM-768_decaps,160,1.2512000103015453,77492224,0.0,,x86_server
ML-KEM-768_decaps,161,1.2614000006578863,77492224,0.0,,x86_server
ML-KEM-768_decaps,162,1.229099987540394,77492224,0.015625,,x86_server
ML-KEM-768_decaps,163,1.219500001752749,77492224,0.0,,x86_server
ML-KEM-768_decaps,164,1.263700018171221,77492224,0.0,,x86_server
ML-KEM-768_decaps,165,1.216100004967302,77492224,0.0,,x86_server
ML-KEM-768_decaps,166,1.2075000267941505,77492224,0.0,,x86_server
ML-KEM-768_decaps,167,1.2055000115651637,77492224,0.0,,x86_server
ML-KEM-768_decaps,168,1.2344999995548278,77492224,0.0,,x86_server
ML-KEM-768_decaps,169,1.2485000188462436,77492224,0.0,,x86_server
ML-KEM-768_decaps,170,1.2529999949038029,77492224,0.0,,x86_server
ML-KEM-768_decaps,171,1.30229999194853,77492224,0.0,,x86_server
ML-KEM-768_decaps,172,1.2529999949038029,77492224,0.0,,x86_server
ML-KEM-768_decaps,173,1.2529999949038029,77492224,0.015625,,x86_server
ML-KEM-768_decaps,174,1.2495999981183559,77492224,0.0,,x86_server
ML-KEM-768_decaps,175,1.2494999973569065,77492224,0.0,,x86_server
ML-KEM-768_decaps,176,1.257600000826642,77492224,0.0,,x86_server
ML-KEM-768_decaps,177,1.2501000019256026,77492224,0.0,,x86_server
ML-KEM-768_decaps,178,1.2524999910965562,77492224,0.0,,x86_server
ML-KEM-768_decaps,179,1.2522999895736575,77492224,0.0,,x86_server
ML-KEM-768_decaps,180,1.245500025106594,77492224,0.0,,x86_server
ML-KEM-768_decaps,181,1.2465000036172569,77492224,0.0,,x86_server
ML-KEM-768_decaps,182,1.2525000202003866,77492224,0.0,,x86_server
ML-KEM-768_decaps,183,1.2568999954964966,77492224,0.0,,x86_server
ML-KEM-768_decaps,184,1.2774000060744584,77492224,0.015625,,x86_server
ML-KEM-768_decaps,185,1.240600016899407,77492224,0.0,,x86_server
ML-KEM-768_decaps,186,1.2482999882195145,77492224,0.0,,x86_server
ML-KEM-768_decaps,187,1.2373999925330281,77492224,0.0,,x86_server
ML-KEM-768_decaps,188,1.209999987622723,77492224,0.0,,x86_server
ML-KEM-768_decaps,189,1.2554999848362058,77492224,0.0,,x86_server
ML-KEM-768_decaps,190,1.2486999912653118,77492224,0.0,,x86_server
ML-KEM-768_decaps,191,1.2587000092025846,77492224,0.0,,x86_server
ML-KEM-768_decaps,192,1.250800007255748,77492224,0.0,,x86_server
ML-KEM-768_decaps,193,1.255700015462935,77492224,0.0,,x86_server
ML-KEM-768_decaps,194,1.2518999865278602,77492224,0.0,,x86_server
ML-KEM-768_decaps,195,1.244300015969202,77492224,0.0,,x86_server
ML-KEM-768_decaps,196,1.2549000093713403,77492224,0.0,,x86_server
ML-KEM-768_decaps,197,1.248300017323345,77492224,0.0,,x86_server
ML-KEM-768_decaps,198,1.2589999823831022,77492224,0.0,,x86_server
ML-KEM-768_decaps,199,1.2556000147014856,77492224,0.0,,x86_server
ML-KEM-768_decaps,200,1.3118000060785562,77492224,0.0,,x86_server
ML-KEM-768_decaps,201,1.272099994821474,77492224,0.0,,x86_server
ML-KEM-768_decaps,202,1.211199996760115,77492224,0.0,,x86_server
ML-KEM-768_decaps,203,1.213699986692518,77492224,0.0,,x86_server
ML-KEM-768_decaps,204,1.2344999995548278,77492224,0.0,,x86_server
ML-KEM-768_decaps,205,1.226899999892339,77492224,0.0,,x86_server
ML-KEM-768_decaps,206,1.1676999856717885,77492224,0.0,,x86_server
ML-KEM-768_decaps,207,1.2239000061526895,77492224,0.0,,x86_server
ML-KEM-768_decaps,208,1.2478000135160983,77492224,0.0,,x86_server
ML-KEM-768_decaps,209,1.2518999865278602,77492224,0.0,,x86_server
ML-KEM-768_decaps,210,1.2544000055640936,77492224,0.0,,x86_server
ML-KEM-768_decaps,211,1.2581000046338886,77492224,0.0,,x86_server
ML-KEM-768_decaps,212,1.253599999472499,77492224,0.0,,x86_server
ML-KEM-768_decaps,213,1.253599999472499,77492224,0.0,,x86_server
ML-KEM-768_decaps,214,1.254200004041195,77492224,0.0,,x86_server
ML-KEM-768_decaps,215,1.2562999909278005,77492224,0.0,,x86_server
ML-KEM-768_decaps,216,1.2415999954100698,77492224,0.0,,x86_server
ML-KEM-768_decaps,217,1.2091999815311283,77492224,0.0,,x86_server
ML-KEM-768_decaps,218,1.2067000207025558,77492224,0.0,,x86_server
ML-KEM-768_decaps,219,1.2245000107213855,77492224,0.0,,x86_server
ML-KEM-768_decaps,220,1.1394000030122697,77492224,0.0,,x86_server
ML-KEM-768_decaps,221,1.1439000081736594,77492224,0.0,,x86_server
ML-KEM-768_decaps,222,1.2276000052224845,77492224,0.0,,x86_server
ML-KEM-768_decaps,223,1.1573000228963792,77492224,0.0,,x86_server
ML-KEM-768_decaps,224,1.1845999979414046,77492224,0.0,,x86_server
ML-KEM-768_decaps,225,1.1790000135079026,77492224,0.0,,x86_server
ML-KEM-768_decaps,226,1.2160000042058527,77492224,0.0,,x86_server
ML-KEM-768_decaps,227,1.2221000215504318,77492224,0.0,,x86_server
ML-KEM-768_decaps,228,1.2531000247690827,77492224,0.0,,x86_server
ML-KEM-768_decaps,229,1.3488999975379556,77492224,0.0,,x86_server
ML-KEM-768_decaps,230,1.2479000142775476,77492224,0.015625,,x86_server
ML-KEM-768_decaps,231,1.2552000116556883,77492224,0.0,,x86_server
ML-KEM-768_decaps,232,1.2492999958340079,77492224,0.0,,x86_server
ML-KEM-768_decaps,233,1.2493999965954572,77492224,0.0,,x86_server
ML-KEM-768_decaps,234,1.2568999954964966,77492224,0.0,,x86_server
ML-KEM-768_decaps,235,1.2467999767977744,77492224,0.0,,x86_server
ML-KEM-768_decaps,236,1.3364000187721103,77492224,0.0,,x86_server
ML-KEM-768_decaps,237,1.2795999937225133,77492224,0.0,,x86_server
ML-KEM-768_decaps,238,1.2540000025182962,77492224,0.0,,x86_server
ML-KEM-768_decaps,239,1.2546000070869923,77492224,0.0,,x86_server
ML-KEM-768_decaps,240,1.2580000038724393,77492224,0.0,,x86_server
ML-KEM-768_decaps,241,1.2566999939735979,77492224,0.015625,,x86_server
ML-KEM-768_decaps,242,1.2504000042099506,77492224,0.0,,x86_server
ML-KEM-768_decaps,243,1.2524999910965562,77492224,0.0,,x86_server
ML-KEM-768_decaps,244,1.2552000116556883,77492224,0.0,,x86_server
ML-KEM-768_decaps,245,1.2513000110629946,77492224,0.0,,x86_server
ML-KEM-768_decaps,246,1.2528999941423535,77492224,0.0,,x86_server
ML-KEM-768_decaps,247,1.2552000116556883,77492224,0.0,,x86_server
ML-KEM-768_decaps,248,1.2636999890673906,77492224,0.0,,x86_server
ML-KEM-768_decaps,249,1.250200002687052,77492224,0.0,,x86_server
ML-KEM-768_decaps,250,1.2685999972745776,77492224,0.0,,x86_server
ML-KEM-768_decaps,251,1.2487999920267612,77492224,0.0,,x86_server
ML-KEM-768_decaps,252,1.250200002687052,77492224,0.0,,x86_server
ML-KEM-768_decaps,253,1.249200024176389,77492224,0.015625,,x86_server
ML-KEM-768_decaps,254,1.2809000036213547,77492224,0.0,,x86_server
ML-KEM-768_decaps,255,1.3433000131044537,77492224,0.0,,x86_server
ML-KEM-768_decaps,256,1.252300018677488,77492224,0.0,,x86_server
ML-KEM-768_decaps,257,1.2952999968547374,77492224,0.0,,x86_server
ML-KEM-768_decaps,258,1.3012999843340367,77492224,0.0,,x86_server
ML-KEM-768_decaps,259,1.254200004041195,77492224,0.0,,x86_server
ML-KEM-768_decaps,260,1.2718999932985753,77492224,0.0,,x86_server
ML-KEM-768_decaps,261,1.281399978324771,77492224,0.0,,x86_server
ML-KEM-768_decaps,262,1.2420999992173165,77492224,0.0,,x86_server
ML-KEM-768_decaps,263,1.218599994899705,77492224,0.015625,,x86_server
ML-KEM-768_decaps,264,1.2595000152941793,77492224,0.0,,x86_server
ML-KEM-768_decaps,265,1.2607999960891902,77492224,0.0,,x86_server
ML-KEM-768_decaps,266,1.2501000019256026,77492224,0.0,,x86_server
ML-KEM-768_decaps,267,1.2595999869517982,77492224,0.0,,x86_server
ML-KEM-768_decaps,268,1.2510000087786466,77492224,0.0,,x86_server
ML-KEM-768_decaps,269,1.2555999855976552,77492224,0.0,,x86_server
ML-KEM-768_decaps,270,1.2530999956652522,77492224,0.0,,x86_server
ML-KEM-768_decaps,271,1.2698999780695885,77492224,0.0,,x86_server
ML-KEM-768_decaps,272,1.2492999958340079,77492224,0.0,,x86_server
ML-KEM-768_decaps,273,1.2553999840747565,77492224,0.0,,x86_server
ML-KEM-768_decaps,274,1.2495999981183559,77492224,0.015625,,x86_server
ML-KEM-768_decaps,275,1.2534000270534307,77492224,0.0,,x86_server
ML-KEM-768_decaps,276,1.2584999785758555,77492224,0.0,,x86_server
ML-KEM-768_decaps,277,1.2540000025182962,77492224,0.0,,x86_server
ML-KEM-768_decaps,278,1.2524999910965562,77492224,0.0,,x86_server
ML-KEM-768_decaps,279,1.2570999970193952,77492224,0.0,,x86_server
ML-KEM-768_decaps,280,1.2512000103015453,77492224,0.0,,x86_server
ML-KEM-768_decaps,281,1.2496999988798052,77492224,0.0,,x86_server
ML-KEM-768_decaps,282,1.361999980872497,77492224,0.0,,x86_server
ML-KEM-768_decaps,283,1.2564000207930803,77492224,0.0,,x86_server
ML-KEM-768_decaps,284,1.260000019101426,77492224,0.0,,x86_server
ML-KEM-768_decaps,285,1.2578000023495406,77492224,0.0,,x86_server
ML-KEM-768_decaps,286,1.2528999941423535,77492224,0.015625,,x86_server
ML-KEM-768_decaps,287,1.26680001267232,77492224,0.0,,x86_server
ML-KEM-768_decaps,288,1.255400013178587,77492224,0.0,,x86_server
ML-KEM-768_decaps,289,1.2312000035308301,77492224,0.0,,x86_server
ML-KEM-768_decaps,290,1.2632999860215932,77492224,0.0,,x86_server
ML-KEM-768_decaps,291,1.218599994899705,77492224,0.0,,x86_server
ML-KEM-768_decaps,292,1.2833999935537577,77492224,0.0,,x86_server
ML-KEM-768_decaps,293,1.25940001453273,77492224,0.0,,x86_server
ML-KEM-768_decaps,294,1.215800002682954,77492224,0.0,,x86_server
ML-KEM-768_decaps,295,1.2136000150348991,77492224,0.0,,x86_server
ML-KEM-768_decaps,296,1.208799978485331,77492224,0.0,,x86_server
ML-KEM-768_decaps,297,1.2388000031933188,77492224,0.015625,,x86_server
ML-KEM-768_decaps,298,1.2560999894049019,77492224,0.0,,x86_server
ML-KEM-768_decaps,299,1.2143999920226634,77492224,0.0,,x86_server
ML-KEM-768_decaps,300,1.2564000207930803,77492224,0.0,,x86_server
ML-KEM-768_decaps,301,1.238999975612387,77492224,0.0,,x86_server
ML-KEM-768_decaps,302,1.2465000036172569,77492224,0.0,,x86_server
ML-KEM-768_decaps,303,1.2449999921955168,77492224,0.0,,x86_server
ML-KEM-768_decaps,304,1.251700014108792,77492224,0.0,,x86_server
ML-KEM-768_decaps,305,1.2557999871205539,77492224,0.0,,x86_server
ML-KEM-768_decaps,306,1.2505000049714,77492224,0.0,,x86_server
ML-KEM-768_decaps,307,1.254200004041195,77492224,0.0,,x86_server
ML-KEM-768_decaps,308,1.2465000036172569,77492224,0.015625,,x86_server
ML-KEM-768_decaps,309,1.247400010470301,77492224,0.0,,x86_server
ML-KEM-768_decaps,310,1.2504000042099506,77492224,0.0,,x86_server
ML-KEM-768_decaps,311,1.2522999895736575,77492224,0.0,,x86_server
ML-KEM-768_decaps,312,1.2613999715540558,77492224,0.0,,x86_server
ML-KEM-768_decaps,313,1.2258000206202269,77492224,0.0,,x86_server
ML-KEM-768_decaps,314,1.2402999855112284,77492224,0.0,,x86_server
ML-KEM-768_decaps,315,1.2684000248555094,77492224,0.0,,x86_server
ML-KEM-768_decaps,316,1.2446999899111688,77492224,0.0,,x86_server
ML-KEM-768_decaps,317,1.2511999811977148,77492224,0.0,,x86_server
ML-KEM-768_decaps,318,1.2592000130098313,77492224,0.0,,x86_server
ML-KEM-768_decaps,319,1.2561999901663512,77492224,0.015625,,x86_server
ML-KEM-768_decaps,320,1.2160000042058527,77492224,0.0,,x86_server
ML-KEM-768_decaps,321,1.2457999982871115,77492224,0.0,,x86_server
ML-KEM-768_decaps,322,1.2528000224847347,77492224,0.0,,x86_server
ML-KEM-768_decaps,323,1.2137000157963485,77492224,0.0,,x86_server
ML-KEM-768_decaps,324,1.209999987622723,77492224,0.0,,x86_server
ML-KEM-768_decaps,325,1.2110999959986657,77492224,0.0,,x86_server
ML-KEM-768_decaps,326,1.2636000174097717,77492224,0.0,,x86_server
ML-KEM-768_decaps,327,1.2447999906726182,77492224,0.0,,x86_server
ML-KEM-768_decaps,328,1.2132000119891018,77492224,0.0,,x86_server
ML-KEM-768_decaps,329,1.2707999849226326,77492224,0.0,,x86_server
ML-KEM-768_decaps,330,1.2270000006537884,77492224,0.015625,,x86_server
ML-KEM-768_decaps,331,1.2458999990485609,77492224,0.0,,x86_server
ML-KEM-768_decaps,332,1.2463000020943582,77492224,0.0,,x86_server
ML-KEM-768_decaps,333,1.2568999954964966,77492224,0.0,,x86_server
ML-KEM-768_decaps,334,1.25790000311099,77492224,0.0,,x86_server
ML-KEM-768_decaps,335,1.212100003613159,77492224,0.0,,x86_server
ML-KEM-768_decaps,336,1.216700009535998,77492224,0.0,,x86_server
ML-KEM-768_decaps,337,1.207799999974668,77492224,0.0,,x86_server
ML-KEM-768_decaps,338,1.214299991261214,77492224,0.0,,x86_server
ML-KEM-768_decaps,339,1.239899982465431,77492224,0.0,,x86_server
ML-KEM-768_decaps,340,1.251400011824444,77492224,0.0,,x86_server
ML-KEM-768_decaps,341,1.2580000038724393,77492224,0.015625,,x86_server
ML-KEM-768_decaps,342,1.2476000119931996,77492224,0.0,,x86_server
ML-KEM-768_decaps,343,1.2472000089474022,77492224,0.0,,x86_server
ML-KEM-768_decaps,344,1.2598999892361462,77492224,0.0,,x86_server
ML-KEM-768_decaps,345,1.2469000066630542,77492224,0.0,,x86_server
ML-KEM-768_decaps,346,1.2529999949038029,77492224,0.0,,x86_server
ML-KEM-768_decaps,347,1.2515000125858933,77492224,0.0,,x86_server
ML-KEM-768_decaps,348,1.2586000084411353,77492224,0.0,,x86_server
ML-KEM-768_decaps,349,1.2581000046338886,77492224,0.0,,x86_server
ML-KEM-768_decaps,350,1.2531999964267015,77492224,0.0,,x86_server
ML-KEM-768_decaps,351,1.246800005901605,77492224,0.0,,x86_server
ML-KEM-768_decaps,352,1.2095999845769256,77492224,0.0,,x86_server
ML-KEM-768_decaps,353,1.2152999988757074,77492224,0.015625,,x86_server
ML-KEM-768_decaps,354,1.214599993545562,77492224,0.0,,x86_server
ML-KEM-768_decaps,355,1.2513000110629946,77492224,0.0,,x86_server
ML-KEM-768_decaps,356,1.213999988976866,77492224,0.0,,x86_server
ML-KEM-768_decaps,357,1.225099986186251,77492224,0.0,,x86_server
ML-KEM-768_decaps,358,1.2599999899975955,77492224,0.0,,x86_server
ML-KEM-768_decaps,359,1.2520999880507588,77492224,0.0,,x86_server
ML-KEM-768_decaps,360,1.2105000205338001,77492224,0.0,,x86_server
ML-KEM-768_decaps,361,1.2481000158004463,77492224,0.0,,x86_server
ML-KEM-768_decaps,362,1.2530999956652522,77492224,0.0,,x86_server
ML-KEM-768_decaps,363,1.2698999780695885,77492224,0.0,,x86_server
ML-KEM-768_decaps,364,1.2489999935496598,77492224,0.015625,,x86_server
ML-KEM-768_decaps,365,1.2456000258680433,77492224,0.0,,x86_server
ML-KEM-768_decaps,366,1.2409999908413738,77492224,0.0,,x86_server
ML-KEM-768_decaps,367,1.2157999735791236,77492224,0.0,,x86_server
ML-KEM-768_decaps,368,1.21189997298643,77492224,0.0,,x86_server
ML-KEM-768_decaps,369,1.2349000026006252,77492224,0.0,,x86_server
ML-KEM-768_decaps,370,1.268699998036027,77492224,0.0,,x86_server
ML-KEM-768_decaps,371,1.216700009535998,77492224,0.0,,x86_server
ML-KEM-768_decaps,372,1.232799986610189,77492224,0.0,,x86_server
ML-KEM-768_decaps,373,1.2540000025182962,77492224,0.0,,x86_server
ML-KEM-768_decaps,374,1.2149999965913594,77492224,0.0,,x86_server
ML-KEM-768_decaps,375,1.2617000029422343,77492224,0.015625,,x86_server
ML-KEM-768_decaps,376,1.2614000006578863,77492224,0.0,,x86_server
ML-KEM-768_decaps,377,1.2568000238388777,77492224,0.0,,x86_server
ML-KEM-768_decaps,378,1.2189000262878835,77492224,0.0,,x86_server
ML-KEM-768_decaps,379,1.273600006243214,77492224,0.0,,x86_server
ML-KEM-768_decaps,380,1.2451999937184155,77492224,0.0,,x86_server
ML-KEM-768_decaps,381,1.220100006321445,77492224,0.0,,x86_server
ML-KEM-768_decaps,382,1.21640000725165,77492224,0.0,,x86_server
ML-KEM-768_decaps,383,1.2134000135120004,77492224,0.0,,x86_server
ML-KEM-768_decaps,384,1.229399989824742,77492224,0.0,,x86_server
ML-KEM-768_decaps,385,1.2134999851696193,77492224,0.0,,x86_server
ML-KEM-768_decaps,386,1.216799981193617,77492224,0.0,,x86_server
ML-KEM-768_decaps,387,1.2837000249419361,77492224,0.015625,,x86_server
ML-KEM-768_decaps,388,1.216499978909269,77492224,0.0,,x86_server
ML-KEM-768_decaps,389,1.2206000101286918,77492224,0.0,,x86_server
ML-KEM-768_decaps,390,1.266500010387972,77492224,0.0,,x86_server
ML-KEM-768_decaps,391,1.25790000311099,77492224,0.0,,x86_server
ML-KEM-768_decaps,392,1.2229999992996454,77492224,0.0,,x86_server
ML-KEM-768_decaps,393,1.145999995060265,77492224,0.0,,x86_server
ML-KEM-768_decaps,394,1.1889000015798956,77492224,0.0,,x86_server
ML-KEM-768_decaps,395,1.1962999997194856,77492224,0.0,,x86_server
ML-KEM-768_decaps,396,1.1523000139277428,77492224,0.0,,x86_server
ML-KEM-768_decaps,397,1.2557999871205539,77492224,0.0,,x86_server
ML-KEM-768_decaps,398,1.3321000151336193,77492224,0.0,,x86_server
ML-KEM-768_decaps,399,1.3026999949943274,77492224,0.0,,x86_server
ML-KEM-768_decaps,400,1.2518999865278602,77492224,0.0,,x86_server
ML-KEM-768_decaps,401,1.2673999881371856,77492224,0.0,,x86_server
ML-KEM-768_decaps,402,1.2527000217232853,77492224,0.0,,x86_server
ML-KEM-768_decaps,403,1.2531999964267015,77492224,0.0,,x86_server
ML-KEM-768_decaps,404,1.256999996257946,77492224,0.0,,x86_server
ML-KEM-768_decaps,405,1.296100002946332,77492224,0.0,,x86_server
ML-KEM-768_decaps,406,1.257600000826642,77492224,0.0,,x86_server
ML-KEM-768_decaps,407,1.2449999921955168,77492224,0.0,,x86_server
ML-KEM-768_decaps,408,1.2456999975256622,77492224,0.0,,x86_server
ML-KEM-768_decaps,409,1.2431000068318099,77492224,0.0,,x86_server
ML-KEM-768_decaps,410,1.220199977979064,77492224,0.015625,,x86_server
ML-KEM-768_decaps,411,1.142599998274818,77492224,0.0,,x86_server
ML-KEM-768_decaps,412,1.1440999805927277,77492224,0.0,,x86_server
ML-KEM-768_decaps,413,1.2346000003162771,77492224,0.0,,x86_server
ML-KEM-768_decaps,414,1.184699998702854,77537280,0.0,,x86_server
ML-KEM-768_decaps,415,1.191499992273748,77537280,0.0,,x86_server
ML-KEM-768_decaps,416,1.341900002444163,77537280,0.0,,x86_server
ML-KEM-768_decaps,417,1.2297000212129205,77537280,0.0,,x86_server
ML-KEM-768_decaps,418,1.2144999927841127,77537280,0.0,,x86_server
ML-KEM-768_decaps,419,1.2824000150430948,77541376,0.0,,x86_server
ML-KEM-768_decaps,420,1.267100014956668,77541376,0.0,,x86_server
ML-KEM-768_decaps,421,1.268099993467331,77545472,0.015625,,x86_server
ML-KEM-768_decaps,422,1.284700003452599,77545472,0.0,,x86_server
ML-KEM-768_decaps,423,1.256000017747283,77549568,0.0,,x86_server
ML-KEM-768_decaps,424,1.2437999830581248,77549568,0.0,,x86_server
ML-KEM-768_decaps,425,1.2186999956611544,77553664,0.0,,x86_server
ML-KEM-768_decaps,426,1.2131999828852713,77553664,0.0,,x86_server
ML-KEM-768_decaps,427,1.2187999964226037,77553664,0.0,,x86_server
ML-KEM-768_decaps,428,1.2163000064902008,77553664,0.0,,x86_server
ML-KEM-768_decaps,429,1.212499977555126,77553664,0.0,,x86_server
ML-KEM-768_decaps,430,1.217399985762313,77553664,0.0,,x86_server
ML-KEM-768_decaps,431,1.2746000138577074,77553664,0.0,,x86_server
ML-KEM-768_decaps,432,1.2197999749332666,77553664,0.015625,,x86_server
ML-KEM-768_decaps,433,1.2085000053048134,77553664,0.0,,x86_server
ML-KEM-768_decaps,434,1.2417000252753496,77553664,0.0,,x86_server
ML-KEM-768_decaps,435,1.2604999938048422,77553664,0.0,,x86_server
ML-KEM-768_decaps,436,1.2571999977808446,77553664,0.0,,x86_server
ML-KEM-768_decaps,437,1.2598999892361462,77553664,0.0,,x86_server
ML-KEM-768_decaps,438,1.2500000011641532,77553664,0.0,,x86_server
ML-KEM-768_decaps,439,1.2128999806009233,77553664,0.0,,x86_server
ML-KEM-768_decaps,440,1.2156000011600554,77553664,0.0,,x86_server
ML-KEM-768_decaps,441,1.2181999918539077,77553664,0.0,,x86_server
ML-KEM-768_decaps,442,1.2679000210482627,77553664,0.0,,x86_server
ML-KEM-768_decaps,443,1.2263999960850924,77553664,0.015625,,x86_server
ML-KEM-768_decaps,444,1.222599996253848,77553664,0.0,,x86_server
ML-KEM-768_decaps,445,1.2672000157181174,77553664,0.0,,x86_server
ML-KEM-768_decaps,446,1.2326999858487397,77553664,0.0,,x86_server
ML-KEM-768_decaps,447,1.2153999996371567,77553664,0.0,,x86_server
ML-KEM-768_decaps,448,1.217699988046661,77553664,0.0,,x86_server
ML-KEM-768_decaps,449,1.2624000082723796,77553664,0.0,,x86_server
ML-KEM-768_decaps,450,1.2537000002339482,77553664,0.0,,x86_server
ML-KEM-768_decaps,451,1.2638000189326704,77553664,0.0,,x86_server
ML-KEM-768_decaps,452,1.264699996681884,77553664,0.0,,x86_server
ML-KEM-768_decaps,453,1.2832000211346895,77553664,0.0,,x86_server
ML-KEM-768_decaps,454,1.2555000139400363,77553664,0.0,,x86_server
ML-KEM-768_decaps,455,1.251700014108792,77553664,0.015625,,x86_server
ML-KEM-768_decaps,456,1.2621000059880316,77553664,0.0,,x86_server
ML-KEM-768_decaps,457,1.25200001639314,77553664,0.0,,x86_server
ML-KEM-768_decaps,458,1.2511999811977148,77553664,0.0,,x86_server
ML-KEM-768_decaps,459,1.2598999892361462,77553664,0.0,,x86_server
ML-KEM-768_decaps,460,1.2544000055640936,77553664,0.0,,x86_server
ML-KEM-768_decaps,461,1.2496999988798052,77553664,0.0,,x86_server
ML-KEM-768_decaps,462,1.25940001453273,77553664,0.0,,x86_server
ML-KEM-768_decaps,463,1.2545999779831618,77553664,0.0,,x86_server
ML-KEM-768_decaps,464,1.2597999884746969,77553664,0.0,,x86_server
ML-KEM-768_decaps,465,1.2663000088650733,77553664,0.0,,x86_server
ML-KEM-768_decaps,466,1.2555000139400363,77553664,0.015625,,x86_server
ML-KEM-768_decaps,467,1.253599999472499,77553664,0.0,,x86_server
ML-KEM-768_decaps,468,1.2544999772217125,77553664,0.0,,x86_server
ML-KEM-768_decaps,469,1.2518999865278602,77553664,0.0,,x86_server
ML-KEM-768_decaps,470,1.257299998542294,77553664,0.0,,x86_server
ML-KEM-768_decaps,471,1.3196999789215624,77553664,0.0,,x86_server
ML-KEM-768_decaps,472,1.3495000021066517,77553664,0.0,,x86_server
ML-KEM-768_decaps,473,1.3264000008348376,77553664,0.0,,x86_server
ML-KEM-768_decaps,474,1.2910999939776957,77553664,0.0,,x86_server
ML-KEM-768_decaps,475,1.2566999939735979,77553664,0.0,,x86_server
ML-KEM-768_decaps,476,1.3467000098899007,77553664,0.0,,x86_server
ML-KEM-768_decaps,477,1.267499988898635,77553664,0.0,,x86_server
ML-KEM-768_decaps,478,1.261299999896437,77553664,0.0,,x86_server
ML-KEM-768_decaps,479,1.2578000023495406,77553664,0.0,,x86_server
ML-KEM-768_decaps,480,1.277399976970628,77553664,0.0,,x86_server
ML-KEM-768_decaps,481,1.267799991182983,77553664,0.0,,x86_server
ML-KEM-768_decaps,482,1.2587000092025846,77553664,0.0,,x86_server
ML-KEM-768_decaps,483,1.2166999804321676,77553664,0.0,,x86_server
ML-KEM-768_decaps,484,1.2399999832268804,77553664,0.0,,x86_server
ML-KEM-768_decaps,485,1.2817999813705683,77553664,0.0,,x86_server
ML-KEM-768_decaps,486,1.2516000133473426,77553664,0.0,,x86_server
ML-KEM-768_decaps,487,1.170800009276718,77553664,0.0,,x86_server
ML-KEM-768_decaps,488,1.2149999965913594,77553664,0.015625,,x86_server
ML-KEM-768_decaps,489,1.1437000066507608,77553664,0.0,,x86_server
ML-KEM-768_decaps,490,1.1424999975133687,77553664,0.0,,x86_server
ML-KEM-768_decaps,491,1.2654000020120293,77553664,0.0,,x86_server
ML-KEM-768_decaps,492,1.2601000198628753,77553664,0.0,,x86_server
ML-KEM-768_decaps,493,1.2518999865278602,77553664,0.0,,x86_server
ML-KEM-768_decaps,494,1.2601000198628753,77553664,0.0,,x86_server
ML-KEM-768_decaps,495,1.2587999808602035,77553664,0.0,,x86_server
ML-KEM-768_decaps,496,1.2147999950684607,77553664,0.0,,x86_server
ML-KEM-768_decaps,497,1.236199983395636,77553664,0.0,,x86_server
ML-KEM-768_decaps,498,1.253900001756847,77553664,0.0,,x86_server
ML-KEM-768_decaps,499,1.2681999942287803,77553664,0.0,,x86_server
ML-KEM-768_decaps,500,1.2291000166442245,77553664,0.0,,x86_server
ML-KEM-768_decaps,501,1.217999990331009,77553664,0.0,,x86_server
ML-KEM-768_decaps,502,1.2670000141952187,77553664,0.0,,x86_server
ML-KEM-768_decaps,503,1.2283000105526298,77553664,0.0,,x86_server
ML-KEM-768_decaps,504,1.2138000165577978,77553664,0.0,,x86_server
ML-KEM-768_decaps,505,1.219199999468401,77553664,0.0,,x86_server
ML-KEM-768_decaps,506,1.2527999933809042,77553664,0.0,,x86_server
ML-KEM-768_decaps,507,1.2587000092025846,77553664,0.0,,x86_server
ML-KEM-768_decaps,508,1.2750999885611236,77553664,0.0,,x86_server
ML-KEM-768_decaps,509,1.256300020031631,77553664,0.0,,x86_server
ML-KEM-768_decaps,510,1.2512000103015453,77553664,0.0,,x86_server
ML-KEM-768_decaps,511,1.2344999995548278,77553664,0.015625,,x86_server
ML-KEM-768_decaps,512,1.258200005395338,77553664,0.0,,x86_server
ML-KEM-768_decaps,513,1.2591999839060009,77553664,0.0,,x86_server
ML-KEM-768_decaps,514,1.2348000018391758,77553664,0.0,,x86_server
ML-KEM-768_decaps,515,1.2140000180806965,77553664,0.0,,x86_server
ML-KEM-768_decaps,516,1.2187999964226037,77553664,0.0,,x86_server
ML-KEM-768_decaps,517,1.2586000084411353,77553664,0.0,,x86_server
ML-KEM-768_decaps,518,1.2098999868612736,77553664,0.0,,x86_server
ML-KEM-768_decaps,519,1.263100013602525,77553664,0.0,,x86_server
ML-KEM-768_decaps,520,1.267100014956668,77553664,0.0,,x86_server
ML-KEM-768_decaps,521,1.263400015886873,77553664,0.0,,x86_server
ML-KEM-768_decaps,522,1.2608999968506396,77553664,0.015625,,x86_server
ML-KEM-768_decaps,523,1.2611999991349876,77553664,0.0,,x86_server
ML-KEM-768_decaps,524,1.2525000202003866,77553664,0.0,,x86_server
ML-KEM-768_decaps,525,1.2212999863550067,77553664,0.0,,x86_server
ML-KEM-768_decaps,526,1.2166000087745488,77553664,0.0,,x86_server
ML-KEM-768_decaps,527,1.2170000118203461,77553664,0.0,,x86_server
ML-KEM-768_decaps,528,1.2413999938871711,77553664,0.0,,x86_server
ML-KEM-768_decaps,529,1.255700015462935,77553664,0.0,,x86_server
ML-KEM-768_decaps,530,1.2698000064119697,77553664,0.0,,x86_server
ML-KEM-768_decaps,531,1.2584000069182366,77553664,0.0,,x86_server
ML-KEM-768_decaps,532,1.2559999886434525,77553664,0.0,,x86_server
ML-KEM-768_decaps,533,1.2562000192701817,77553664,0.015625,,x86_server
ML-KEM-768_decaps,534,1.2598999892361462,77553664,0.0,,x86_server
ML-KEM-768_decaps,535,1.266200008103624,77553664,0.0,,x86_server
ML-KEM-768_decaps,536,1.2554999848362058,77553664,0.0,,x86_server
ML-KEM-768_decaps,537,1.2547999795060605,77553664,0.0,,x86_server
ML-KEM-768_decaps,538,1.2553000124171376,77553664,0.0,,x86_server
ML-KEM-768_decaps,539,1.2531999964267015,77553664,0.0,,x86_server
ML-KEM-768_decaps,540,1.2561000185087323,77553664,0.0,,x86_server
ML-KEM-768_decaps,541,1.2515000125858933,77553664,0.0,,x86_server
ML-KEM-768_decaps,542,1.2920000008307397,77553664,0.0,,x86_server
ML-KEM-768_decaps,543,1.2590000114869326,77553664,0.0,,x86_server
ML-KEM-768_decaps,544,1.2146000226493925,77553664,0.0,,x86_server
ML-KEM-768_decaps,545,1.2354000064078718,77553664,0.0,,x86_server
ML-KEM-768_decaps,546,1.2509999796748161,77553664,0.0,,x86_server
ML-KEM-768_decaps,547,1.2166999804321676,77553664,0.0,,x86_server
ML-KEM-768_decaps,548,1.2132000119891018,77553664,0.0,,x86_server
ML-KEM-768_decaps,549,1.2550999817904085,77553664,0.0,,x86_server
ML-KEM-768_decaps,550,1.2584000069182366,77553664,0.0,,x86_server
ML-KEM-768_decaps,551,1.286599988816306,77553664,0.0,,x86_server
ML-KEM-768_decaps,552,1.2601999915204942,77553664,0.0,,x86_server
ML-KEM-768_decaps,553,1.2575000000651926,77553664,0.0,,x86_server
ML-KEM-768_decaps,554,1.1755000159610063,77553664,0.0,,x86_server
ML-KEM-768_decaps,555,1.1410000151954591,77553664,0.0,,x86_server
ML-KEM-768_decaps,556,1.1423999967519194,77553664,0.015625,,x86_server
ML-KEM-768_decaps,557,1.2217000185046345,77553664,0.0,,x86_server
ML-KEM-768_decaps,558,1.1420999944675714,77553664,0.0,,x86_server
ML-KEM-768_decaps,559,1.1444000119809061,77553664,0.0,,x86_server
ML-KEM-768_decaps,560,1.2260999938007444,77553664,0.0,,x86_server
ML-KEM-768_decaps,561,1.3185999996494502,77553664,0.0,,x86_server
ML-KEM-768_decaps,562,1.1458999942988157,77553664,0.0,,x86_server
ML-KEM-768_decaps,563,1.1510999756865203,77553664,0.0,,x86_server
ML-KEM-768_decaps,564,1.1941000120714307,77553664,0.0,,x86_server
ML-KEM-768_decaps,565,1.2088000075891614,77553664,0.0,,x86_server
ML-KEM-768_decaps,566,1.2217999901622534,77553664,0.0,,x86_server
ML-KEM-768_decaps,567,1.2583000061567873,77553664,0.015625,,x86_server
ML-KEM-768_decaps,568,1.2553999840747565,77553664,0.0,,x86_server
ML-KEM-768_decaps,569,1.2600999907590449,77553664,0.0,,x86_server
ML-KEM-768_decaps,570,1.2560999894049019,77553664,0.0,,x86_server
ML-KEM-768_decaps,571,1.26680001267232,77553664,0.0,,x86_server
ML-KEM-768_decaps,572,1.2550000101327896,77553664,0.0,,x86_server
ML-KEM-768_decaps,573,1.2516000133473426,77553664,0.0,,x86_server
ML-KEM-768_decaps,574,1.2678999919444323,77553664,0.0,,x86_server
ML-KEM-768_decaps,575,1.2564999924506992,77553664,0.0,,x86_server
ML-KEM-768_decaps,576,1.2598999892361462,77553664,0.0,,x86_server
ML-KEM-768_decaps,577,1.2545999779831618,77553664,0.0,,x86_server
ML-KEM-768_decaps,578,1.3038000033702701,77553664,0.015625,,x86_server
ML-KEM-768_decaps,579,1.2584000069182366,77553664,0.0,,x86_server
ML-KEM-768_decaps,580,1.2587999808602035,77553664,0.0,,x86_server
ML-KEM-768_decaps,581,1.2530999956652522,77553664,0.0,,x86_server
ML-KEM-768_decaps,582,1.2591999839060009,77553664,0.0,,x86_server
ML-KEM-768_decaps,583,1.240900019183755,77553664,0.0,,x86_server
ML-KEM-768_decaps,584,1.213999988976866,77553664,0.0,,x86_server
ML-KEM-768_decaps,585,1.256600022315979,77553664,0.0,,x86_server
ML-KEM-768_decaps,586,1.258800009964034,77553664,0.0,,x86_server
ML-KEM-768_decaps,587,1.2533999979496002,77553664,0.0,,x86_server
ML-KEM-768_decaps,588,1.2657000042963773,77553664,0.0,,x86_server
ML-KEM-768_decaps,589,1.256999996257946,77553664,0.015625,,x86_server
ML-KEM-768_decaps,590,1.3156000059098005,77553664,0.0,,x86_server
ML-KEM-768_decaps,591,1.2587000092025846,77553664,0.0,,x86_server
ML-KEM-768_decaps,592,1.2611999991349876,77553664,0.0,,x86_server
ML-KEM-768_decaps,593,1.2906999909318984,77553664,0.0,,x86_server
ML-KEM-768_decaps,594,1.2558999878820032,77553664,0.0,,x86_server
ML-KEM-768_decaps,595,1.327400008449331,77553664,0.0,,x86_server
ML-KEM-768_decaps,596,1.3120999792590737,77553664,0.0,,x86_server
ML-KEM-768_decaps,597,1.3242999848444015,77553664,0.0,,x86_server
ML-KEM-768_decaps,598,1.248000015038997,77553664,0.0,,x86_server
ML-KEM-768_decaps,599,1.263400015886873,77553664,0.0,,x86_server
ML-KEM-768_decaps,600,1.316199981374666,77553664,0.0,,x86_server
ML-KEM-768_decaps,601,1.215800002682954,77553664,0.015625,,x86_server
ML-KEM-768_decaps,602,1.190200011478737,77553664,0.0,,x86_server
ML-KEM-768_decaps,603,1.2136000150348991,77553664,0.0,,x86_server
ML-KEM-768_decaps,604,1.2517999857664108,77553664,0.0,,x86_server
ML-KEM-768_decaps,605,1.2555000139400363,77553664,0.0,,x86_server
ML-KEM-768_decaps,606,1.2531999964267015,77553664,0.0,,x86_server
ML-KEM-768_decaps,607,1.264399994397536,77553664,0.0,,x86_server
ML-KEM-768_decaps,608,1.2540000025182962,77553664,0.0,,x86_server
ML-KEM-768_decaps,609,1.2537000002339482,77553664,0.0,,x86_server
ML-KEM-768_decaps,610,1.3526999973692,77553664,0.0,,x86_server
ML-KEM-768_decaps,611,1.258200005395338,77557760,0.0,,x86_server
ML-KEM-768_decaps,612,1.2559999886434525,77557760,0.015625,,x86_server
ML-KEM-768_decaps,613,1.215800002682954,77557760,0.0,,x86_server
ML-KEM-768_decaps,614,1.267199986614287,77557760,0.0,,x86_server
ML-KEM-768_decaps,615,1.2377999955788255,77557760,0.0,,x86_server
ML-KEM-768_decaps,616,1.2265000259503722,77557760,0.0,,x86_server
ML-KEM-768_decaps,617,1.261299999896437,77557760,0.0,,x86_server
ML-KEM-768_decaps,618,1.2417999969329685,77557760,0.0,,x86_server
ML-KEM-768_decaps,619,1.2166999804321676,77557760,0.0,,x86_server
ML-KEM-768_decaps,620,1.2152000272180885,77557760,0.0,,x86_server
ML-KEM-768_decaps,621,1.2778000091202557,77557760,0.0,,x86_server
ML-KEM-768_decaps,622,1.2507999781519175,77557760,0.0,,x86_server
ML-KEM-768_decaps,623,1.2527999933809042,77557760,0.015625,,x86_server
ML-KEM-768_decaps,624,1.259100012248382,77557760,0.0,,x86_server
ML-KEM-768_decaps,625,1.254200004041195,77557760,0.0,,x86_server
ML-KEM-768_decaps,626,1.2573999993037432,77557760,0.0,,x86_server
ML-KEM-768_decaps,627,1.2526999926194549,77557760,0.0,,x86_server
ML-KEM-768_decaps,628,1.267700019525364,77557760,0.0,,x86_server
ML-KEM-768_decaps,629,1.2527999933809042,77557760,0.0,,x86_server
ML-KEM-768_decaps,630,1.258500007679686,77561856,0.0,,x86_server
ML-KEM-768_decaps,631,1.258500007679686,77561856,0.0,,x86_server
ML-KEM-768_decaps,632,1.2546000070869923,77561856,0.0,,x86_server
ML-KEM-768_decaps,633,1.2528999941423535,77561856,0.0,,x86_server
ML-KEM-768_decaps,634,1.2586000084411353,77561856,0.015625,,x86_server
ML-KEM-768_decaps,635,1.263700018171221,77561856,0.0,,x86_server
ML-KEM-768_decaps,636,1.2472999806050211,77561856,0.0,,x86_server
ML-KEM-768_decaps,637,1.2429000053089112,77561856,0.0,,x86_server
ML-KEM-768_decaps,638,1.2744999839924276,77561856,0.0,,x86_server
ML-KEM-768_decaps,639,1.2641000212170184,77561856,0.0,,x86_server
ML-KEM-768_decaps,640,1.273600006243214,77561856,0.0,,x86_server
ML-KEM-768_decaps,641,1.2560999894049019,77561856,0.0,,x86_server
ML-KEM-768_decaps,642,1.2661000073421746,77561856,0.0,,x86_server
ML-KEM-768_decaps,643,1.2593000137712806,77561856,0.0,,x86_server
ML-KEM-768_decaps,644,1.2592999846674502,77561856,0.0,,x86_server
ML-KEM-768_decaps,645,1.260000019101426,77561856,0.015625,,x86_server
ML-KEM-768_decaps,646,1.256000017747283,77561856,0.0,,x86_server
ML-KEM-768_decaps,647,1.2608999968506396,77561856,0.0,,x86_server
ML-KEM-768_decaps,648,1.2597999884746969,77561856,0.0,,x86_server
ML-KEM-768_decaps,649,1.260399993043393,77561856,0.0,,x86_server
ML-KEM-768_decaps,650,1.2642999936360866,77565952,0.0,,x86_server
ML-KEM-768_decaps,651,1.260600023670122,77565952,0.0,,x86_server
ML-KEM-768_decaps,652,1.2556999863591045,77565952,0.0,,x86_server
ML-KEM-768_decaps,653,1.2605000229086727,77565952,0.0,,x86_server
ML-KEM-768_decaps,654,1.2544999772217125,77565952,0.0,,x86_server
ML-KEM-768_decaps,655,1.2582999770529568,77565952,0.0,,x86_server
ML-KEM-768_decaps,656,1.2615000014193356,77565952,0.015625,,x86_server
ML-KEM-768_decaps,657,1.264999998966232,77565952,0.0,,x86_server
ML-KEM-768_decaps,658,1.2568000238388777,77565952,0.0,,x86_server
ML-KEM-768_decaps,659,1.268399995751679,77565952,0.0,,x86_server
ML-KEM-768_decaps,660,1.2586000084411353,77565952,0.0,,x86_server
ML-KEM-768_decaps,661,1.2540000025182962,77565952,0.0,,x86_server
ML-KEM-768_decaps,662,1.2532999971881509,77565952,0.0,,x86_server
ML-KEM-768_decaps,663,1.25200001639314,77565952,0.0,,x86_server
ML-KEM-768_decaps,664,1.270599983399734,77565952,0.0,,x86_server
ML-KEM-768_decaps,665,1.2566999939735979,77565952,0.0,,x86_server
ML-KEM-768_decaps,666,1.2575000000651926,77565952,0.0,,x86_server
ML-KEM-768_decaps,667,1.3003000058233738,77565952,0.015625,,x86_server
ML-KEM-768_decaps,668,1.3414999993983656,77565952,0.0,,x86_server
ML-KEM-768_decaps,669,1.3189000019337982,77570048,0.0,,x86_server
ML-KEM-768_decaps,670,1.2489999935496598,77570048,0.0,,x86_server
ML-KEM-768_decaps,671,1.2652000004891306,77570048,0.0,,x86_server
ML-KEM-768_decaps,672,1.253599999472499,77570048,0.0,,x86_server
ML-KEM-768_decaps,673,1.2434999807737768,77570048,0.0,,x86_server
ML-KEM-768_decaps,674,1.2676000187639147,77570048,0.0,,x86_server
ML-KEM-768_decaps,675,1.2144999927841127,77570048,0.0,,x86_server
ML-KEM-768_decaps,676,1.2166999804321676,77570048,0.0,,x86_server
ML-KEM-768_decaps,677,1.212499977555126,77570048,0.0,,x86_server
ML-KEM-768_decaps,678,1.2583999778144062,77570048,0.015625,,x86_server
ML-KEM-768_decaps,679,1.2558999878820032,77570048,0.0,,x86_server
ML-KEM-768_decaps,680,1.2780999823007733,77578240,0.0,,x86_server
ML-KEM-768_decaps,681,1.264900027308613,77578240,0.0,,x86_server
ML-KEM-768_decaps,682,1.2527999933809042,77578240,0.0,,x86_server
ML-KEM-768_decaps,683,1.2559999886434525,77578240,0.0,,x86_server
ML-KEM-768_decaps,684,1.252300018677488,77578240,0.0,,x86_server
ML-KEM-768_decaps,685,1.2632999860215932,77578240,0.0,,x86_server
ML-KEM-768_decaps,686,1.3187000004108995,77578240,0.0,,x86_server
ML-KEM-768_decaps,687,1.2661000073421746,77582336,0.0,,x86_server
ML-KEM-768_decaps,688,1.2581000046338886,77582336,0.0,,x86_server
ML-KEM-768_decaps,689,1.2626000097952783,77586432,0.0,,x86_server
ML-KEM-768_decaps,690,1.2593999854288995,77586432,0.015625,,x86_server
ML-KEM-768_decaps,691,1.2564999924506992,77586432,0.0,,x86_server
ML-KEM-768_decaps,692,1.2632000143639743,77586432,0.0,,x86_server
ML-KEM-768_decaps,693,1.2537000002339482,77586432,0.0,,x86_server
ML-KEM-768_decaps,694,1.2531999964267015,77586432,0.0,,x86_server
ML-KEM-768_decaps,695,1.2630000128410757,77586432,0.0,,x86_server
ML-KEM-768_decaps,696,1.257600000826642,77586432,0.0,,x86_server
ML-KEM-768_decaps,697,1.2557999871205539,77586432,0.0,,x86_server
ML-KEM-768_decaps,698,1.3096000184305012,77586432,0.0,,x86_server
ML-KEM-768_decaps,699,1.3292999938130379,77586432,0.0,,x86_server
ML-KEM-768_decaps,700,1.3784000184386969,77586432,0.015625,,x86_server
ML-KEM-768_decaps,701,1.2808000028599054,77586432,0.0,,x86_server
ML-KEM-768_decaps,702,1.2278000067453831,77586432,0.0,,x86_server
ML-KEM-768_decaps,703,1.2238000053912401,77586432,0.0,,x86_server
ML-KEM-768_decaps,704,1.2211000139359385,77586432,0.0,,x86_server
ML-KEM-768_decaps,705,1.2221999932080507,77586432,0.0,,x86_server
ML-KEM-768_decaps,706,1.2538000009953976,77586432,0.0,,x86_server
ML-KEM-768_decaps,707,1.2570999970193952,77586432,0.0,,x86_server
ML-KEM-768_decaps,708,1.2472000089474022,77590528,0.0,,x86_server
ML-KEM-768_decaps,709,1.2593000137712806,77590528,0.0,,x86_server
ML-KEM-768_decaps,710,1.2482999882195145,77590528,0.0,,x86_server
ML-KEM-768_decaps,711,1.264099992113188,77590528,0.015625,,x86_server
ML-KEM-768_decaps,712,1.2346000003162771,77590528,0.0,,x86_server
ML-KEM-768_decaps,713,1.2978999875485897,77590528,0.0,,x86_server
ML-KEM-768_decaps,714,1.3569000002462417,77590528,0.0,,x86_server
ML-KEM-768_decaps,715,1.2470999790821224,77590528,0.0,,x86_server
ML-KEM-768_decaps,716,1.2468999775592238,77590528,0.0,,x86_server
ML-KEM-768_decaps,717,1.262800011318177,77590528,0.0,,x86_server
ML-KEM-768_decaps,718,1.212799979839474,77590528,0.0,,x86_server
ML-KEM-768_decaps,719,1.2347000010777265,77590528,0.0,,x86_server
ML-KEM-768_decaps,720,1.3252999924588948,77590528,0.0,,x86_server
ML-KEM-768_decaps,721,1.2943999900016934,77590528,0.0,,x86_server
ML-KEM-768_decaps,722,1.2593999854288995,77590528,0.0,,x86_server
ML-KEM-768_decaps,723,1.355499989585951,77590528,0.015625,,x86_server
ML-KEM-768_decaps,724,1.2414999946486205,77590528,0.0,,x86_server
ML-KEM-768_decaps,725,1.245500025106594,77590528,0.0,,x86_server
ML-KEM-768_decaps,726,1.2587999808602035,77594624,0.0,,x86_server
ML-KEM-768_decaps,727,1.2497000279836357,77594624,0.0,,x86_server
ML-KEM-768_decaps,728,1.2632000143639743,77598720,0.0,,x86_server
ML-KEM-768_decaps,729,1.2432000075932592,77598720,0.0,,x86_server
ML-KEM-768_decaps,730,1.2589000107254833,77598720,0.0,,x86_server
ML-KEM-768_decaps,731,1.2363999849185348,77598720,0.0,,x86_server
ML-KEM-768_decaps,732,1.143200002843514,77598720,0.0,,x86_server
ML-KEM-768_decaps,733,1.1424999975133687,77598720,0.0,,x86_server
ML-KEM-768_decaps,734,1.2049000069964677,77598720,0.015625,,x86_server
ML-KEM-768_decaps,735,1.2648999982047826,77598720,0.0,,x86_server
ML-KEM-768_decaps,736,1.2540000025182962,77598720,0.0,,x86_server
ML-KEM-768_decaps,737,1.2568999954964966,77598720,0.0,,x86_server
ML-KEM-768_decaps,738,1.2560999894049019,77598720,0.0,,x86_server
ML-KEM-768_decaps,739,1.2565999932121485,77598720,0.0,,x86_server
ML-KEM-768_decaps,740,1.2553000124171376,77598720,0.0,,x86_server
ML-KEM-768_decaps,741,1.2563999916892499,77598720,0.0,,x86_server
ML-KEM-768_decaps,742,1.259700016817078,77598720,0.0,,x86_server
ML-KEM-768_decaps,743,1.2513999827206135,77598720,0.0,,x86_server
ML-KEM-768_decaps,744,1.2670999858528376,77598720,0.0,,x86_server
ML-KEM-768_decaps,745,1.2573999993037432,77598720,0.015625,,x86_server
ML-KEM-768_decaps,746,1.2527999933809042,77598720,0.0,,x86_server
ML-KEM-768_decaps,747,1.2598999892361462,77602816,0.0,,x86_server
ML-KEM-768_decaps,748,1.253599999472499,77602816,0.0,,x86_server
ML-KEM-768_decaps,749,1.2621999776456505,77602816,0.0,,x86_server
ML-KEM-768_decaps,750,1.2399999832268804,77602816,0.0,,x86_server
ML-KEM-768_decaps,751,1.2119999737478793,77602816,0.0,,x86_server
ML-KEM-768_decaps,752,1.2601999915204942,77602816,0.0,,x86_server
ML-KEM-768_decaps,753,1.2518000148702413,77602816,0.0,,x86_server
ML-KEM-768_decaps,754,1.2561000185087323,77602816,0.0,,x86_server
ML-KEM-768_decaps,755,1.2573999993037432,77602816,0.0,,x86_server
ML-KEM-768_decaps,756,1.2669000134337693,77602816,0.015625,,x86_server
ML-KEM-768_decaps,757,1.2933999823872,77606912,0.0,,x86_server
ML-KEM-768_decaps,758,1.2552000116556883,77606912,0.0,,x86_server
ML-KEM-768_decaps,759,1.2562999909278005,77606912,0.0,,x86_server
ML-KEM-768_decaps,760,1.2497999996412545,77606912,0.0,,x86_server
ML-KEM-768_decaps,761,1.2485999905038625,77606912,0.0,,x86_server
ML-KEM-768_decaps,762,1.2546999787446111,77606912,0.0,,x86_server
ML-KEM-768_decaps,763,1.2587999808602035,77606912,0.0,,x86_server
ML-KEM-768_decaps,764,1.269600004889071,77606912,0.0,,x86_server
ML-KEM-768_decaps,765,1.2122000043746084,77606912,0.0,,x86_server
ML-KEM-768_decaps,766,1.2337999942246825,77606912,0.0,,x86_server
ML-KEM-768_decaps,767,1.2701999803539366,77611008,0.015625,,x86_server
ML-KEM-768_decaps,768,1.2208000116515905,77611008,0.0,,x86_server
ML-KEM-768_decaps,769,1.2340999965090305,77611008,0.0,,x86_server
ML-KEM-768_decaps,770,1.2618000037036836,77611008,0.0,,x86_server
ML-KEM-768_decaps,771,1.2433000083547086,77611008,0.0,,x86_server
ML-KEM-768_decaps,772,1.2759999954141676,77611008,0.0,,x86_server
ML-KEM-768_decaps,773,1.2575000000651926,77611008,0.0,,x86_server
ML-KEM-768_decaps,774,1.258500007679686,77611008,0.0,,x86_server
ML-KEM-768_decaps,775,1.2594999861903489,77611008,0.0,,x86_server
ML-KEM-768_decaps,776,1.2571999977808446,77611008,0.0,,x86_server
ML-KEM-768_decaps,777,1.2513000110629946,77611008,0.0,,x86_server
ML-KEM-768_decaps,778,1.2638999905902892,77611008,0.015625,,x86_server
ML-KEM-768_decaps,779,1.253900001756847,77611008,0.0,,x86_server
ML-KEM-768_decaps,780,1.2573999993037432,77611008,0.0,,x86_server
ML-KEM-768_decaps,781,1.2565999932121485,77611008,0.0,,x86_server
ML-KEM-768_decaps,782,1.2531999964267015,77611008,0.0,,x86_server
ML-KEM-768_decaps,783,1.2567999947350472,77611008,0.0,,x86_server
ML-KEM-768_decaps,784,1.2635999883059412,77611008,0.0,,x86_server
ML-KEM-768_decaps,785,1.2648999982047826,77611008,0.0,,x86_server
ML-KEM-768_decaps,786,1.2394000077620149,77615104,0.0,,x86_server
ML-KEM-768_decaps,787,1.226899999892339,77615104,0.0,,x86_server
ML-KEM-768_decaps,788,1.2642999936360866,77615104,0.0,,x86_server
ML-KEM-768_decaps,789,1.2462000013329089,77619200,0.0,,x86_server
ML-KEM-768_decaps,790,1.21640000725165,77619200,0.015625,,x86_server
ML-KEM-768_decaps,791,1.2159000034444034,77619200,0.0,,x86_server
ML-KEM-768_decaps,792,1.246399973751977,77619200,0.0,,x86_server
ML-KEM-768_decaps,793,1.2522000179160386,77619200,0.0,,x86_server
ML-KEM-768_decaps,794,1.2160000042058527,77619200,0.0,,x86_server
ML-KEM-768_decaps,795,1.2506000057328492,77619200,0.0,,x86_server
ML-KEM-768_decaps,796,1.2166000087745488,77619200,0.0,,x86_server
ML-KEM-768_decaps,797,1.2103999906685203,77619200,0.0,,x86_server
ML-KEM-768_decaps,798,1.2348000018391758,77619200,0.0,,x86_server
ML-KEM-768_decaps,799,1.269300002604723,77619200,0.0,,x86_server
ML-KEM-768_decaps,800,1.2437999830581248,77619200,0.0,,x86_server
ML-KEM-768_decaps,801,1.219199999468401,77619200,0.015625,,x86_server
ML-KEM-768_decaps,802,1.2240000069141388,77619200,0.0,,x86_server
ML-KEM-768_decaps,803,1.262500009033829,77619200,0.0,,x86_server
ML-KEM-768_decaps,804,1.2525999918580055,77619200,0.0,,x86_server
ML-KEM-768_decaps,805,1.2493999965954572,77619200,0.0,,x86_server
ML-KEM-768_decaps,806,1.188099995488301,77623296,0.0,,x86_server
ML-KEM-768_decaps,807,1.2221999932080507,77623296,0.0,,x86_server
ML-KEM-768_decaps,808,1.1415000190027058,77623296,0.0,,x86_server
ML-KEM-768_decaps,809,1.1680999887175858,77623296,0.0,,x86_server
ML-KEM-768_decaps,810,1.2543000048026443,77623296,0.0,,x86_server
ML-KEM-768_decaps,811,1.2546000070869923,77623296,0.0,,x86_server
ML-KEM-768_decaps,812,1.2953999976161867,77623296,0.015625,,x86_server
ML-KEM-768_decaps,813,1.2557999871205539,77623296,0.0,,x86_server
ML-KEM-768_decaps,814,1.2605000229086727,77623296,0.0,,x86_server
ML-KEM-768_decaps,815,1.2555999855976552,77623296,0.0,,x86_server
ML-KEM-768_decaps,816,1.253799971891567,77623296,0.0,,x86_server
ML-KEM-768_decaps,817,1.2544999772217125,77623296,0.0,,x86_server
ML-KEM-768_decaps,818,1.2678999919444323,77623296,0.0,,x86_server
ML-KEM-768_decaps,819,1.2549999810289592,77623296,0.0,,x86_server
ML-KEM-768_decaps,820,1.2584000069182366,77623296,0.0,,x86_server
ML-KEM-768_decaps,821,1.2678999919444323,77627392,0.0,,x86_server
ML-KEM-768_decaps,822,1.2521999888122082,77627392,0.0,,x86_server
ML-KEM-768_decaps,823,1.260399993043393,77627392,0.0,,x86_server
ML-KEM-768_decaps,824,1.2558000162243843,77627392,0.015625,,x86_server
ML-KEM-768_decaps,825,1.2583000061567873,77631488,0.0,,x86_server
ML-KEM-768_decaps,826,1.2497999996412545,77631488,0.0,,x86_server
ML-KEM-768_decaps,827,1.2568999954964966,77631488,0.0,,x86_server
ML-KEM-768_decaps,828,1.3792999961879104,77631488,0.0,,x86_server
ML-KEM-768_decaps,829,1.358899986371398,77631488,0.0,,x86_server
ML-KEM-768_decaps,830,1.3710999919567257,77631488,0.0,,x86_server
ML-KEM-768_decaps,831,1.3549000141210854,77631488,0.0,,x86_server
ML-KEM-768_decaps,832,1.3552000164054334,77631488,0.0,,x86_server
ML-KEM-768_decaps,833,1.3572000025305897,77631488,0.0,,x86_server
ML-KEM-768_decaps,834,1.367799995932728,77631488,0.015625,,x86_server
ML-KEM-768_decaps,835,1.3577000063378364,77631488,0.0,,x86_server
ML-KEM-768_decaps,836,1.361900009214878,77631488,0.0,,x86_server
ML-KEM-768_decaps,837,1.372700004139915,77631488,0.0,,x86_server
ML-KEM-768_decaps,838,1.357300003292039,77631488,0.0,,x86_server
ML-KEM-768_decaps,839,1.356699998723343,77631488,0.0,,x86_server
ML-KEM-768_decaps,840,1.3549000141210854,77631488,0.0,,x86_server
ML-KEM-768_decaps,841,1.378899993142113,77631488,0.0,,x86_server
ML-KEM-768_decaps,842,1.3732999796047807,77631488,0.0,,x86_server
ML-KEM-768_decaps,843,1.275799993891269,77631488,0.0,,x86_server
ML-KEM-768_decaps,844,1.25790000311099,77631488,0.0,,x86_server
ML-KEM-768_decaps,845,1.2318000080995262,77697024,0.015625,,x86_server
ML-KEM-768_decaps,846,1.261600002180785,77697024,0.0,,x86_server
ML-KEM-768_decaps,847,1.2516999850049615,77697024,0.0,,x86_server
ML-KEM-768_decaps,848,1.2667000119108707,77697024,0.0,,x86_server
ML-KEM-768_decaps,849,1.2577000015880913,77697024,0.0,,x86_server
ML-KEM-768_decaps,850,1.24299997696653,77697024,0.0,,x86_server
ML-KEM-768_decaps,851,1.2617000029422343,77697024,0.0,,x86_server
ML-KEM-768_decaps,852,1.2538000009953976,77697024,0.0,,x86_server
ML-KEM-768_decaps,853,1.2641000212170184,77697024,0.0,,x86_server
ML-KEM-768_decaps,854,1.2600999907590449,77697024,0.0,,x86_server
ML-KEM-768_decaps,855,1.2644999951589853,77697024,0.0,,x86_server
ML-KEM-768_decaps,856,1.2605999945662916,77697024,0.015625,,x86_server
ML-KEM-768_decaps,857,1.2632000143639743,77697024,0.0,,x86_server
ML-KEM-768_decaps,858,1.236199983395636,77697024,0.0,,x86_server
ML-KEM-768_decaps,859,1.2737999786622822,77697024,0.0,,x86_server
ML-KEM-768_decaps,860,1.2462000013329089,77697024,0.0,,x86_server
ML-KEM-768_decaps,861,1.2199000047985464,77701120,0.0,,x86_server
ML-KEM-768_decaps,862,1.1873999901581556,77701120,0.0,,x86_server
ML-KEM-768_decaps,863,1.1999999987892807,77701120,0.0,,x86_server
ML-KEM-768_decaps,864,1.1430999729782343,77701120,0.0,,x86_server
ML-KEM-768_decaps,865,1.2577000015880913,77701120,0.0,,x86_server
ML-KEM-768_decaps,866,1.2521000171545893,77701120,0.0,,x86_server
ML-KEM-768_decaps,867,1.258800009964034,77701120,0.0,,x86_server
ML-KEM-768_decaps,868,1.253599999472499,77701120,0.0,,x86_server
ML-KEM-768_decaps,869,1.2596999877132475,77701120,0.0,,x86_server
ML-KEM-768_decaps,870,1.2582999770529568,77701120,0.0,,x86_server
ML-KEM-768_decaps,871,1.2667000119108707,77701120,0.0,,x86_server
ML-KEM-768_decaps,872,1.2238000053912401,77701120,0.0,,x86_server
ML-KEM-768_decaps,873,1.2832999927923083,77701120,0.0,,x86_server
ML-KEM-768_decaps,874,1.2166000087745488,77701120,0.0,,x86_server
ML-KEM-768_decaps,875,1.254200004041195,77701120,0.0,,x86_server
ML-KEM-768_decaps,876,1.2538000009953976,77701120,0.0,,x86_server
ML-KEM-768_decaps,877,1.2559000169858336,77701120,0.0,,x86_server
ML-KEM-768_decaps,878,1.2156000011600554,77701120,0.0,,x86_server
ML-KEM-768_decaps,879,1.2163000064902008,77701120,0.015625,,x86_server
ML-KEM-768_decaps,880,1.2189999979455024,77701120,0.0,,x86_server
ML-KEM-768_decaps,881,1.2106000212952495,77701120,0.0,,x86_server
ML-KEM-768_decaps,882,1.215500000398606,77701120,0.0,,x86_server
ML-KEM-768_decaps,883,1.2540000025182962,77701120,0.0,,x86_server
ML-KEM-768_decaps,884,1.2128999806009233,77701120,0.0,,x86_server
ML-KEM-768_decaps,885,1.2797000235877931,77701120,0.0,,x86_server
ML-KEM-768_decaps,886,1.3267000031191856,77701120,0.0,,x86_server
ML-KEM-768_decaps,887,1.255100010894239,77701120,0.0,,x86_server
ML-KEM-768_decaps,888,1.2563999916892499,77701120,0.0,,x86_server
ML-KEM-768_decaps,889,1.2126000074204057,77701120,0.0,,x86_server
ML-KEM-768_decaps,890,1.2691000010818243,77701120,0.015625,,x86_server
ML-KEM-768_decaps,891,1.2152999988757074,77701120,0.0,,x86_server
ML-KEM-768_decaps,892,1.212700008181855,77701120,0.0,,x86_server
ML-KEM-768_decaps,893,1.2406999885570258,77701120,0.0,,x86_server
ML-KEM-768_decaps,894,1.2493999965954572,77701120,0.0,,x86_server
ML-KEM-768_decaps,895,1.2449999921955168,77701120,0.0,,x86_server
ML-KEM-768_decaps,896,1.2163000064902008,77701120,0.0,,x86_server
ML-KEM-768_decaps,897,1.2194000009912997,77701120,0.0,,x86_server
ML-KEM-768_decaps,898,1.2234000023454428,77701120,0.0,,x86_server
ML-KEM-768_decaps,899,1.2795000220648944,77701120,0.0,,x86_server
ML-KEM-768_decaps,900,1.2488999927882105,77701120,0.0,,x86_server
ML-KEM-768_decaps,901,1.2267999991308898,77701120,0.015625,,x86_server
ML-KEM-768_decaps,902,1.2426000030245632,77701120,0.0,,x86_server
ML-KEM-768_decaps,903,1.2546000070869923,77701120,0.0,,x86_server
ML-KEM-768_decaps,904,1.254800008609891,77701120,0.0,,x86_server
ML-KEM-768_decaps,905,1.2624000082723796,77701120,0.0,,x86_server
ML-KEM-768_decaps,906,1.2611999991349876,77701120,0.0,,x86_server
ML-KEM-768_decaps,907,1.259100012248382,77701120,0.0,,x86_server
ML-KEM-768_decaps,908,1.2543000048026443,77701120,0.0,,x86_server
ML-KEM-768_decaps,909,1.264699996681884,77701120,0.0,,x86_server
ML-KEM-768_decaps,910,1.253900001756847,77701120,0.0,,x86_server
ML-KEM-768_decaps,911,1.2518999865278602,77701120,0.0,,x86_server
ML-KEM-768_decaps,912,1.264999998966232,77701120,0.015625,,x86_server
ML-KEM-768_decaps,913,1.2573999993037432,77701120,0.0,,x86_server
ML-KEM-768_decaps,914,1.2573999993037432,77701120,0.0,,x86_server
ML-KEM-768_decaps,915,1.2547000078484416,77701120,0.0,,x86_server
ML-KEM-768_decaps,916,1.2658000050578266,77701120,0.0,,x86_server
ML-KEM-768_decaps,917,1.21489999582991,77701120,0.0,,x86_server
ML-KEM-768_decaps,918,1.2156999728176743,77701120,0.0,,x86_server
ML-KEM-768_decaps,919,1.2516999850049615,77701120,0.0,,x86_server
ML-KEM-768_decaps,920,1.2568000238388777,77701120,0.0,,x86_server
ML-KEM-768_decaps,921,1.2774999777320772,77701120,0.0,,x86_server
ML-KEM-768_decaps,922,1.240300014615059,77701120,0.0,,x86_server
ML-KEM-768_decaps,923,1.2758999946527183,77701120,0.0,,x86_server
ML-KEM-768_decaps,924,1.277600007597357,77701120,0.015625,,x86_server
ML-KEM-768_decaps,925,1.2595999869517982,77701120,0.0,,x86_server
ML-KEM-768_decaps,926,1.22969999210909,77701120,0.0,,x86_server
ML-KEM-768_decaps,927,1.258500007679686,77701120,0.0,,x86_server
ML-KEM-768_decaps,928,1.2602999922819436,77701120,0.0,,x86_server
ML-KEM-768_decaps,929,1.2282999814487994,77701120,0.0,,x86_server
ML-KEM-768_decaps,930,1.2795999937225133,77701120,0.0,,x86_server
ML-KEM-768_decaps,931,1.2570999970193952,77701120,0.0,,x86_server
ML-KEM-768_decaps,932,1.2329999881330878,77701120,0.0,,x86_server
ML-KEM-768_decaps,933,1.2283000105526298,77701120,0.0,,x86_server
ML-KEM-768_decaps,934,1.2647999974433333,77701120,0.0,,x86_server
ML-KEM-768_decaps,935,1.2695000041276217,77701120,0.015625,,x86_server
ML-KEM-768_decaps,936,1.1650999949779361,77701120,0.0,,x86_server
ML-KEM-768_decaps,937,1.1765999952331185,77701120,0.0,,x86_server
ML-KEM-768_decaps,938,1.2431999784894288,77701120,0.0,,x86_server
ML-KEM-768_decaps,939,1.1767999967560172,77701120,0.0,,x86_server
ML-KEM-768_decaps,940,1.2125000066589564,77701120,0.0,,x86_server
ML-KEM-768_decaps,941,1.2160000042058527,77701120,0.0,,x86_server
ML-KEM-768_decaps,942,1.281399978324771,77701120,0.0,,x86_server
ML-KEM-768_decaps,943,1.2137999874539673,77701120,0.0,,x86_server
ML-KEM-768_decaps,944,1.2160000042058527,77701120,0.0,,x86_server
ML-KEM-768_decaps,945,1.266500010387972,77701120,0.0,,x86_server
ML-KEM-768_decaps,946,1.215800002682954,77701120,0.015625,,x86_server
ML-KEM-768_decaps,947,1.2245999823790044,77701120,0.0,,x86_server
ML-KEM-768_decaps,948,1.2149999965913594,77701120,0.0,,x86_server
ML-KEM-768_decaps,949,1.2624000082723796,77701120,0.0,,x86_server
ML-KEM-768_decaps,950,1.211499999044463,77701120,0.0,,x86_server
ML-KEM-768_decaps,951,1.1496000224724412,77701120,0.0,,x86_server
ML-KEM-768_decaps,952,1.2027999910060316,77701120,0.0,,x86_server
ML-KEM-768_decaps,953,1.193000003695488,77701120,0.0,,x86_server
ML-KEM-768_decaps,954,1.1501999979373068,77701120,0.0,,x86_server
ML-KEM-768_decaps,955,1.1525000154506415,77701120,0.0,,x86_server
ML-KEM-768_decaps,956,1.1440999805927277,77701120,0.0,,x86_server
ML-KEM-768_decaps,957,1.223500003106892,77701120,0.0,,x86_server
ML-KEM-768_decaps,958,1.1743000068236142,77701120,0.015625,,x86_server
ML-KEM-768_decaps,959,1.2505000049714,77701120,0.0,,x86_server
ML-KEM-768_decaps,960,1.331100007519126,77701120,0.0,,x86_server
ML-KEM-768_decaps,961,1.3149000005796552,77701120,0.0,,x86_server
ML-KEM-768_decaps,962,1.2660000065807253,77701120,0.0,,x86_server
ML-KEM-768_decaps,963,1.2632999860215932,77701120,0.0,,x86_server
ML-KEM-768_decaps,964,1.2528000224847347,77701120,0.0,,x86_server
ML-KEM-768_decaps,965,1.2605999945662916,77701120,0.0,,x86_server
ML-KEM-768_decaps,966,1.3498000043909997,77701120,0.0,,x86_server
ML-KEM-768_decaps,967,1.2860999850090593,77701120,0.0,,x86_server
ML-KEM-768_decaps,968,1.262200006749481,77701120,0.015625,,x86_server
ML-KEM-768_decaps,969,1.2655000027734786,77701120,0.0,,x86_server
ML-KEM-768_decaps,970,1.259700016817078,77701120,0.0,,x86_server
ML-KEM-768_decaps,971,1.2595000152941793,77701120,0.0,,x86_server
ML-KEM-768_decaps,972,1.2571999977808446,77701120,0.0,,x86_server
ML-KEM-768_decaps,973,1.2541000032797456,77705216,0.0,,x86_server
ML-KEM-768_decaps,974,1.2580000038724393,77705216,0.0,,x86_server
ML-KEM-768_decaps,975,1.2664000096265227,77705216,0.0,,x86_server
ML-KEM-768_decaps,976,1.2251999869477004,77705216,0.0,,x86_server
ML-KEM-768_decaps,977,1.2169000110588968,77705216,0.0,,x86_server
ML-KEM-768_decaps,978,1.2568999954964966,77705216,0.0,,x86_server
ML-KEM-768_decaps,979,1.2515999842435122,77705216,0.0,,x86_server
ML-KEM-768_decaps,980,1.315299974521622,77705216,0.0,,x86_server
ML-KEM-768_decaps,981,1.3180999958422035,77705216,0.0,,x86_server
ML-KEM-768_decaps,982,1.2564999924506992,77705216,0.0,,x86_server
ML-KEM-768_decaps,983,1.2648999982047826,77705216,0.0,,x86_server
ML-KEM-768_decaps,984,1.2372999917715788,77709312,0.0,,x86_server
ML-KEM-768_decaps,985,1.2509000080171973,77709312,0.0,,x86_server
ML-KEM-768_decaps,986,1.3131000159773976,77709312,0.0,,x86_server
ML-KEM-768_decaps,987,1.2728000001516193,77709312,0.0,,x86_server
ML-KEM-768_decaps,988,1.3201000110711902,77709312,0.0,,x86_server
ML-KEM-768_decaps,989,1.3144999975338578,77709312,0.0,,x86_server
ML-KEM-768_decaps,990,1.221999991685152,77709312,0.0,,x86_server
ML-KEM-768_decaps,991,1.2377999955788255,77709312,0.015625,,x86_server
ML-KEM-768_decaps,992,1.2650999997276813,77709312,0.0,,x86_server
ML-KEM-768_decaps,993,1.2512000103015453,77709312,0.0,,x86_server
ML-KEM-768_decaps,994,1.2464000028558075,77709312,0.0,,x86_server
ML-KEM-768_decaps,995,1.2208999833092093,77709312,0.0,,x86_server
ML-KEM-768_decaps,996,1.2220000207889825,77709312,0.0,,x86_server
ML-KEM-768_decaps,997,1.3744000170845538,77709312,0.0,,x86_server
ML-KEM-768_decaps,998,1.3368999934755266,77709312,0.0,,x86_server
ML-KEM-768_decaps,999,1.3137000205460936,77709312,0.0,,x86_server
ML-DSA-65_sign,0,2.673900016816333,77844480,0.015625,,x86_server
ML-DSA-65_sign,1,2.116599993314594,77844480,0.0,,x86_server
ML-DSA-65_sign,2,4.09219998982735,77844480,0.0,,x86_server
ML-DSA-65_sign,3,2.567500021541491,77844480,0.0,,x86_server
ML-DSA-65_sign,4,1.939600013429299,77844480,0.0,,x86_server
ML-DSA-65_sign,5,2.024800021899864,77844480,0.015625,,x86_server
ML-DSA-65_sign,6,2.140199998393655,77844480,0.0,,x86_server
ML-DSA-65_sign,7,2.287000010255724,77844480,0.0,,x86_server
ML-DSA-65_sign,8,1.955300016561523,77844480,0.0,,x86_server
ML-DSA-65_sign,9,2.1674000017810613,77844480,0.0,,x86_server
ML-DSA-65_sign,10,3.0818000086583197,77844480,0.0,,x86_server
ML-DSA-65_sign,11,2.231899998150766,77844480,0.0,,x86_server
ML-DSA-65_sign,12,2.4321999808307737,77844480,0.015625,,x86_server
ML-DSA-65_sign,13,2.330399991478771,77844480,0.0,,x86_server
ML-DSA-65_sign,14,2.6477999927010387,77844480,0.0,,x86_server
ML-DSA-65_sign,15,3.1521999917458743,77844480,0.0,,x86_server
ML-DSA-65_sign,16,2.078799996525049,77844480,0.0,,x86_server
ML-DSA-65_sign,17,3.0541000014636666,77844480,0.0,,x86_server
ML-DSA-65_sign,18,2.1056999976281077,77844480,0.015625,,x86_server
ML-DSA-65_sign,19,2.0804000087082386,77844480,0.0,,x86_server
ML-DSA-65_sign,20,2.605499990750104,77844480,0.0,,x86_server
ML-DSA-65_sign,21,3.4826999763026834,77844480,0.0,,x86_server
ML-DSA-65_sign,22,2.6413999730721116,77844480,0.0,,x86_server
ML-DSA-65_sign,23,2.410699991742149,77844480,0.015625,,x86_server
ML-DSA-65_sign,24,2.0050999883096665,77844480,0.0,,x86_server
ML-DSA-65_sign,25,2.7336000057403,77844480,0.0,,x86_server
ML-DSA-65_sign,26,2.075299998978153,77844480,0.0,,x86_server
ML-DSA-65_sign,27,2.9578999965451658,77844480,0.0,,x86_server
ML-DSA-65_sign,28,1.8916000262834132,77844480,0.0,,x86_server
ML-DSA-65_sign,29,3.125299990642816,77844480,0.015625,,x86_server
ML-DSA-65_sign,30,1.887699996586889,77844480,0.0,,x86_server
ML-DSA-65_sign,31,2.3634000099264085,77844480,0.0,,x86_server
ML-DSA-65_sign,32,2.031900017755106,77844480,0.0,,x86_server
ML-DSA-65_sign,33,2.055999997537583,77844480,0.0,,x86_server
ML-DSA-65_sign,34,2.589999989140779,77844480,0.0,,x86_server
ML-DSA-65_sign,35,1.9434999849181622,77844480,0.0,,x86_server
ML-DSA-65_sign,36,2.218600013293326,77844480,0.015625,,x86_server
ML-DSA-65_sign,37,3.036499983863905,77844480,0.0,,x86_server
ML-DSA-65_sign,38,2.3776000016368926,77844480,0.0,,x86_server
ML-DSA-65_sign,39,2.5523999938741326,77844480,0.0,,x86_server
ML-DSA-65_sign,40,2.063299994915724,77844480,0.0,,x86_server
ML-DSA-65_sign,41,3.257300006225705,77844480,0.0,,x86_server
ML-DSA-65_sign,42,2.0582999859470874,77844480,0.015625,,x86_server
ML-DSA-65_sign,43,2.722300007008016,77844480,0.0,,x86_server
ML-DSA-65_sign,44,2.5864000199362636,77844480,0.0,,x86_server
ML-DSA-65_sign,45,2.214300009654835,77844480,0.0,,x86_server
ML-DSA-65_sign,46,2.5821000162977725,77844480,0.0,,x86_server
ML-DSA-65_sign,47,1.9840000022668391,77844480,0.0,,x86_server
ML-DSA-65_sign,48,2.176200010580942,77844480,0.015625,,x86_server
ML-DSA-65_sign,49,1.9604999979492277,77844480,0.0,,x86_server
ML-DSA-65_sign,50,2.0493000047281384,77844480,0.0,,x86_server
ML-DSA-65_sign,51,2.7766999846789986,77844480,0.0,,x86_server
ML-DSA-65_sign,52,2.86100001540035,77844480,0.0,,x86_server
ML-DSA-65_sign,53,1.9354000105522573,77844480,0.0,,x86_server
ML-DSA-65_sign,54,2.869699994334951,77844480,0.015625,,x86_server
ML-DSA-65_sign,55,2.3855000035837293,77844480,0.0,,x86_server
ML-DSA-65_sign,56,2.8888999950140715,77844480,0.0,,x86_server
ML-DSA-65_sign,57,2.151399996364489,77844480,0.0,,x86_server
ML-DSA-65_sign,58,2.0939999958500266,77844480,0.0,,x86_server
ML-DSA-65_sign,59,2.5298999971710145,77844480,0.0,,x86_server
ML-DSA-65_sign,60,2.0726000075228512,77844480,0.015625,,x86_server
ML-DSA-65_sign,61,3.310899977805093,77844480,0.0,,x86_server
ML-DSA-65_sign,62,2.196899993577972,77844480,0.0,,x86_server
ML-DSA-65_sign,63,2.94690000009723,77844480,0.0,,x86_server
ML-DSA-65_sign,64,1.9917000026907772,77844480,0.0,,x86_server
ML-DSA-65_sign,65,1.958799985004589,77844480,0.0,,x86_server
ML-DSA-65_sign,66,2.0748999959323555,77844480,0.0,,x86_server
ML-DSA-65_sign,67,2.0536000083666295,77844480,0.0,,x86_server
ML-DSA-65_sign,68,2.2410000092349946,77844480,0.0,,x86_server
ML-DSA-65_sign,69,3.3974999969359487,77844480,0.0,,x86_server
ML-DSA-65_sign,70,1.965200004633516,77844480,0.0,,x86_server
ML-DSA-65_sign,71,2.0807000109925866,77844480,0.0,,x86_server
ML-DSA-65_sign,72,2.3862000089138746,77844480,0.0,,x86_server
ML-DSA-65_sign,73,2.1809000172652304,77844480,0.015625,,x86_server
ML-DSA-65_sign,74,1.9622000108938664,77844480,0.0,,x86_server
ML-DSA-65_sign,75,2.044900000328198,77844480,0.0,,x86_server
ML-DSA-65_sign,76,1.9250000186730176,77844480,0.0,,x86_server
ML-DSA-65_sign,77,2.847800002200529,77844480,0.0,,x86_server
ML-DSA-65_sign,78,2.2555000032298267,77844480,0.0,,x86_server
ML-DSA-65_sign,79,2.7682000072672963,77844480,0.015625,,x86_server
ML-DSA-65_sign,80,2.376599994022399,77844480,0.0,,x86_server
ML-DSA-65_sign,81,2.0283999911043793,77844480,0.0,,x86_server
ML-DSA-65_sign,82,3.2692999811843038,77844480,0.0,,x86_server
ML-DSA-65_sign,83,2.1573999838437885,77844480,0.0,,x86_server
ML-DSA-65_sign,84,2.067699999315664,77844480,0.0,,x86_server
ML-DSA-65_sign,85,2.0321000192780048,77844480,0.015625,,x86_server
ML-DSA-65_sign,86,2.563400019425899,77844480,0.0,,x86_server
ML-DSA-65_sign,87,2.0770999835804105,77844480,0.0,,x86_server
ML-DSA-65_sign,88,2.015699981711805,77844480,0.0,,x86_server
ML-DSA-65_sign,89,2.5766000035218894,77844480,0.0,,x86_server
ML-DSA-65_sign,90,2.750399988144636,77844480,0.0,,x86_server
ML-DSA-65_sign,91,2.1655999880749732,77844480,0.0,,x86_server
ML-DSA-65_sign,92,2.2156000195536762,77844480,0.015625,,x86_server
ML-DSA-65_sign,93,2.517099987016991,77844480,0.0,,x86_server
ML-DSA-65_sign,94,3.208799986168742,77844480,0.0,,x86_server
ML-DSA-65_sign,95,2.606900001410395,77844480,0.0,,x86_server
ML-DSA-65_sign,96,3.8317000144161284,77844480,0.0,,x86_server
ML-DSA-65_sign,97,3.5714000114239752,77844480,0.015625,,x86_server
ML-DSA-65_sign,98,1.8921000009868294,77844480,0.0,,x86_server
ML-DSA-65_sign,99,1.9457000016700476,77844480,0.0,,x86_server
ML-DSA-65_sign,100,2.347800007555634,77844480,0.0,,x86_server
ML-DSA-65_sign,101,2.0420000073499978,77844480,0.0,,x86_server
ML-DSA-65_sign,102,2.068900008453056,77844480,0.0,,x86_server
ML-DSA-65_sign,103,2.9192999936640263,77844480,0.015625,,x86_server
ML-DSA-65_sign,104,1.9477999885566533,77844480,0.0,,x86_server
ML-DSA-65_sign,105,3.2224999740719795,77844480,0.0,,x86_server
ML-DSA-65_sign,106,2.333799988264218,77844480,0.0,,x86_server
ML-DSA-65_sign,107,2.1754000044893473,77844480,0.0,,x86_server
ML-DSA-65_sign,108,4.373300005681813,77844480,0.015625,,x86_server
ML-DSA-65_sign,109,2.724199992371723,77844480,0.0,,x86_server
ML-DSA-65_sign,110,2.4135000130627304,77844480,0.0,,x86_server
ML-DSA-65_sign,111,2.0111000048927963,77844480,0.0,,x86_server
ML-DSA-65_sign,112,2.9245000041555613,77844480,0.0,,x86_server
ML-DSA-65_sign,113,2.0564000005833805,77844480,0.0,,x86_server
ML-DSA-65_sign,114,1.957500004209578,77844480,0.0,,x86_server
ML-DSA-65_sign,115,2.3772999993525445,77844480,0.015625,,x86_server
ML-DSA-65_sign,116,2.902699983678758,77844480,0.0,,x86_server
ML-DSA-65_sign,117,2.3823999799788,77844480,0.0,,x86_server
ML-DSA-65_sign,118,2.0493000047281384,77844480,0.0,,x86_server
ML-DSA-65_sign,119,2.144600002793595,77844480,0.0,,x86_server
ML-DSA-65_sign,120,2.1877000108361244,77844480,0.0,,x86_server
ML-DSA-65_sign,121,2.3025999835226685,77844480,0.015625,,x86_server
ML-DSA-65_sign,122,3.5958000225946307,77844480,0.0,,x86_server
ML-DSA-65_sign,123,2.0551999914459884,77844480,0.0,,x86_server
ML-DSA-65_sign,124,2.1973000257276,77844480,0.0,,x86_server
ML-DSA-65_sign,125,1.959999994141981,77844480,0.0,,x86_server
ML-DSA-65_sign,126,2.1801999828312546,77844480,0.0,,x86_server
ML-DSA-65_sign,127,2.512200007913634,77844480,0.015625,,x86_server
ML-DSA-65_sign,128,3.1618000066373497,77844480,0.0,,x86_server
ML-DSA-65_sign,129,2.5557999906595796,77844480,0.0,,x86_server
ML-DSA-65_sign,130,2.7342999819666147,77844480,0.0,,x86_server
ML-DSA-65_sign,131,2.2692999918945134,77844480,0.0,,x86_server
ML-DSA-65_sign,132,1.9855000136885792,77844480,0.0,,x86_server
ML-DSA-65_sign,133,2.1994999842718244,77844480,0.015625,,x86_server
ML-DSA-65_sign,134,2.174000022932887,77844480,0.0,,x86_server
ML-DSA-65_sign,135,2.0721999753732234,77844480,0.0,,x86_server
ML-DSA-65_sign,136,2.94550001854077,77844480,0.0,,x86_server
ML-DSA-65_sign,137,1.8914999964181334,77844480,0.0,,x86_server
ML-DSA-65_sign,138,2.994899987243116,77844480,0.0,,x86_server
ML-DSA-65_sign,139,2.060500002698973,77844480,0.015625,,x86_server
ML-DSA-65_sign,140,2.437999995891005,77844480,0.0,,x86_server
ML-DSA-65_sign,141,1.9610999734140933,77844480,0.0,,x86_server
ML-DSA-65_sign,142,2.0904999983031303,77844480,0.0,,x86_server
ML-DSA-65_sign,143,2.180200011935085,77844480,0.0,,x86_server
ML-DSA-65_sign,144,2.296700025908649,77844480,0.0,,x86_server
ML-DSA-65_sign,145,1.9555000180844218,77844480,0.0,,x86_server
ML-DSA-65_sign,146,2.7196999872103333,77844480,0.015625,,x86_server
ML-DSA-65_sign,147,2.750299987383187,77844480,0.0,,x86_server
ML-DSA-65_sign,148,3.02100001135841,77844480,0.0,,x86_server
ML-DSA-65_sign,149,2.449799998430535,77844480,0.0,,x86_server
ML-DSA-65_sign,150,2.8362000011838973,77844480,0.0,,x86_server
ML-DSA-65_sign,151,2.3348999966401607,77844480,0.015625,,x86_server
ML-DSA-65_sign,152,2.255300001706928,77844480,0.0,,x86_server
ML-DSA-65_sign,153,2.3548000026494265,77844480,0.0,,x86_server
ML-DSA-65_sign,154,1.936200016643852,77844480,0.0,,x86_server
ML-DSA-65_sign,155,2.041800005827099,77844480,0.0,,x86_server
ML-DSA-65_sign,156,2.88169999839738,77844480,0.0,,x86_server
ML-DSA-65_sign,157,2.0169000199530274,77844480,0.0,,x86_server
ML-DSA-65_sign,158,3.8831999991089106,77844480,0.015625,,x86_server
ML-DSA-65_sign,159,3.391799982637167,77844480,0.0,,x86_server
ML-DSA-65_sign,160,3.661199996713549,77844480,0.0,,x86_server
ML-DSA-65_sign,161,2.075600001262501,77844480,0.0,,x86_server
ML-DSA-65_sign,162,2.498200017726049,77844480,0.0,,x86_server
ML-DSA-65_sign,163,1.9256999948993325,77844480,0.015625,,x86_server
ML-DSA-65_sign,164,1.9589999865274876,77844480,0.0,,x86_server
ML-DSA-65_sign,165,2.729400002863258,77844480,0.0,,x86_server
ML-DSA-65_sign,166,2.56910000462085,77844480,0.0,,x86_server
ML-DSA-65_sign,167,3.1848999788053334,77844480,0.0,,x86_server
ML-DSA-65_sign,168,1.8988999945577234,77844480,0.0,,x86_server
ML-DSA-65_sign,169,1.7829999851528555,77844480,0.015625,,x86_server
ML-DSA-65_sign,170,1.9654000061564147,77844480,0.0,,x86_server
ML-DSA-65_sign,171,2.1428000181913376,77844480,0.0,,x86_server
ML-DSA-65_sign,172,2.94539998867549,77844480,0.0,,x86_server
ML-DSA-65_sign,173,2.5205000129062682,77844480,0.0,,x86_server
ML-DSA-65_sign,174,2.055699995253235,77844480,0.0,,x86_server
ML-DSA-65_sign,175,2.362100000027567,77844480,0.015625,,x86_server
ML-DSA-65_sign,176,2.526900003431365,77844480,0.0,,x86_server
ML-DSA-65_sign,177,2.1930999937467277,77844480,0.0,,x86_server
ML-DSA-65_sign,178,2.8787999763153493,77844480,0.0,,x86_server
ML-DSA-65_sign,179,2.002499997615814,77844480,0.0,,x86_server
ML-DSA-65_sign,180,2.0512999908532947,77844480,0.0,,x86_server
ML-DSA-65_sign,181,2.082199993310496,77844480,0.015625,,x86_server
ML-DSA-65_sign,182,2.8748999757226557,77844480,0.0,,x86_server
ML-DSA-65_sign,183,2.4092000094242394,77844480,0.0,,x86_server
ML-DSA-65_sign,184,2.1712000016123056,77844480,0.0,,x86_server
ML-DSA-65_sign,185,3.306500002508983,77844480,0.0,,x86_server
ML-DSA-65_sign,186,1.9648000015877187,77844480,0.0,,x86_server
ML-DSA-65_sign,187,1.9757000263780355,77844480,0.0,,x86_server
ML-DSA-65_sign,188,2.228500001365319,77844480,0.015625,,x86_server
ML-DSA-65_sign,189,2.002499997615814,77844480,0.0,,x86_server
ML-DSA-65_sign,190,3.5897000052500516,77844480,0.0,,x86_server
ML-DSA-65_sign,191,1.9718999974429607,77844480,0.0,,x86_server
ML-DSA-65_sign,192,3.5254999820608646,77844480,0.0,,x86_server
ML-DSA-65_sign,193,3.944600000977516,77844480,0.015625,,x86_server
ML-DSA-65_sign,194,2.6114999782294035,77844480,0.0,,x86_server
ML-DSA-65_sign,195,1.963399990927428,77844480,0.0,,x86_server
ML-DSA-65_sign,196,3.576899995096028,77844480,0.0,,x86_server
ML-DSA-65_sign,197,2.45649999123998,77844480,0.0,,x86_server
ML-DSA-65_sign,198,2.7831000043079257,77844480,0.015625,,x86_server
ML-DSA-65_sign,199,2.148500003386289,77844480,0.0,,x86_server
ML-DSA-65_sign,200,2.584800007753074,77844480,0.0,,x86_server
ML-DSA-65_sign,201,2.1563000045716763,77844480,0.0,,x86_server
ML-DSA-65_sign,202,1.9794999971054494,77844480,0.0,,x86_server
ML-DSA-65_sign,203,2.6882000092882663,77844480,0.0,,x86_server
ML-DSA-65_sign,204,2.296599996043369,77844480,0.015625,,x86_server
ML-DSA-65_sign,205,1.960900000995025,77844480,0.0,,x86_server
ML-DSA-65_sign,206,2.400800003670156,77844480,0.0,,x86_server
ML-DSA-65_sign,207,2.2909999825060368,77844480,0.0,,x86_server
ML-DSA-65_sign,208,2.5656000070739537,77844480,0.0,,x86_server
ML-DSA-65_sign,209,2.4024000158533454,77844480,0.0,,x86_server
ML-DSA-65_sign,210,3.0372999899554998,77844480,0.0,,x86_server
ML-DSA-65_sign,211,2.068500005407259,77844480,0.015625,,x86_server
ML-DSA-65_sign,212,2.203600015491247,77844480,0.0,,x86_server
ML-DSA-65_sign,213,2.1800000104121864,77844480,0.0,,x86_server
ML-DSA-65_sign,214,1.952200022060424,77844480,0.0,,x86_server
ML-DSA-65_sign,215,2.0702999900095165,77844480,0.0,,x86_server
ML-DSA-65_sign,216,4.052299977047369,77844480,0.0,,x86_server
ML-DSA-65_sign,217,2.9522000113502145,77844480,0.015625,,x86_server
ML-DSA-65_sign,218,2.7649000112432986,77844480,0.0,,x86_server
ML-DSA-65_sign,219,1.9462000054772943,77844480,0.0,,x86_server
ML-DSA-65_sign,220,2.036899997619912,77844480,0.0,,x86_server
ML-DSA-65_sign,221,4.438100004335865,77844480,0.0,,x86_server
ML-DSA-65_sign,222,2.0758999744430184,77844480,0.015625,,x86_server
ML-DSA-65_sign,223,2.826299984008074,77844480,0.0,,x86_server
ML-DSA-65_sign,224,2.078199991956353,77844480,0.0,,x86_server
ML-DSA-65_sign,225,3.0513000092469156,77844480,0.0,,x86_server
ML-DSA-65_sign,226,1.9963000086136162,77844480,0.0,,x86_server
ML-DSA-65_sign,227,1.921400020364672,77844480,0.0,,x86_server
ML-DSA-65_sign,228,2.6243999891448766,77844480,0.015625,,x86_server
ML-DSA-65_sign,229,2.6874000031966716,77844480,0.0,,x86_server
ML-DSA-65_sign,230,2.796799992211163,77844480,0.0,,x86_server
ML-DSA-65_sign,231,2.480100025422871,77844480,0.0,,x86_server
ML-DSA-65_sign,232,3.244999999878928,77844480,0.0,,x86_server
ML-DSA-65_sign,233,2.6996999804396182,77844480,0.0,,x86_server
ML-DSA-65_sign,234,2.0109000033698976,77844480,0.015625,,x86_server
ML-DSA-65_sign,235,2.6145000010728836,77844480,0.0,,x86_server
ML-DSA-65_sign,236,2.1148000087123364,77844480,0.0,,x86_server
ML-DSA-65_sign,237,2.1606000082101673,77844480,0.0,,x86_server
ML-DSA-65_sign,238,2.2040999901946634,77844480,0.0,,x86_server
ML-DSA-65_sign,239,2.6830999995581806,77844480,0.0,,x86_server
ML-DSA-65_sign,240,2.1619999897666276,77844480,0.015625,,x86_server
ML-DSA-65_sign,241,2.7560000016819686,77844480,0.0,,x86_server
ML-DSA-65_sign,242,2.980499994009733,77844480,0.0,,x86_server
ML-DSA-65_sign,243,1.9534000020939857,77844480,0.0,,x86_server
ML-DSA-65_sign,244,3.005600010510534,77844480,0.0,,x86_server
ML-DSA-65_sign,245,2.3950999893713742,77844480,0.0,,x86_server
ML-DSA-65_sign,246,2.056600002106279,77844480,0.015625,,x86_server
ML-DSA-65_sign,247,3.2521999964956194,77844480,0.0,,x86_server
ML-DSA-65_sign,248,2.162399992812425,77844480,0.0,,x86_server
ML-DSA-65_sign,249,2.9593000072054565,77844480,0.0,,x86_server
ML-DSA-65_sign,250,1.9608000002335757,77844480,0.0,,x86_server
ML-DSA-65_sign,251,2.7525000041350722,77844480,0.015625,,x86_server
ML-DSA-65_sign,252,2.644300024257973,77844480,0.0,,x86_server
ML-DSA-65_sign,253,3.076000022701919,77844480,0.0,,x86_server
ML-DSA-65_sign,254,2.10390001302585,77844480,0.0,,x86_server
ML-DSA-65_sign,255,2.487299992935732,77844480,0.0,,x86_server
ML-DSA-65_sign,256,2.4916999973356724,77844480,0.0,,x86_server
ML-DSA-65_sign,257,1.892300002509728,77844480,0.0,,x86_server
ML-DSA-65_sign,258,1.9577000057324767,77844480,0.015625,,x86_server
ML-DSA-65_sign,259,2.1699000208172947,77844480,0.0,,x86_server
ML-DSA-65_sign,260,5.039200012106448,77844480,0.0,,x86_server
ML-DSA-65_sign,261,2.293700003065169,77844480,0.0,,x86_server
ML-DSA-65_sign,262,2.018700004555285,77844480,0.0,,x86_server
ML-DSA-65_sign,263,2.0653000101447105,77844480,0.015625,,x86_server
ML-DSA-65_sign,264,1.9894999859388918,77844480,0.0,,x86_server
ML-DSA-65_sign,265,1.9305000023450702,77844480,0.0,,x86_server
ML-DSA-65_sign,266,2.272500016260892,77844480,0.0,,x86_server
ML-DSA-65_sign,267,1.9920000049751252,77844480,0.0,,x86_server
ML-DSA-65_sign,268,2.269499993417412,77844480,0.0,,x86_server
ML-DSA-65_sign,269,2.2797000128775835,77844480,0.0,,x86_server
ML-DSA-65_sign,270,2.30679998639971,77844480,0.015625,,x86_server
ML-DSA-65_sign,271,2.2290000051725656,77844480,0.0,,x86_server
ML-DSA-65_sign,272,2.0798000041395426,77844480,0.0,,x86_server
ML-DSA-65_sign,273,2.5436000141780823,77844480,0.0,,x86_server
ML-DSA-65_sign,274,1.9521999929565936,77844480,0.0,,x86_server
ML-DSA-65_sign,275,2.51130000106059,77844480,0.0,,x86_server
ML-DSA-65_sign,276,3.249600005801767,77844480,0.015625,,x86_server
ML-DSA-65_sign,277,2.745600009802729,77844480,0.0,,x86_server
ML-DSA-65_sign,278,2.079900004900992,77844480,0.0,,x86_server
ML-DSA-65_sign,279,2.744400000665337,77844480,0.0,,x86_server
ML-DSA-65_sign,280,2.1736000198870897,77844480,0.0,,x86_server
ML-DSA-65_sign,281,1.9542000081855804,77844480,0.0,,x86_server
ML-DSA-65_sign,282,1.9582000095397234,77844480,0.0,,x86_server
ML-DSA-65_sign,283,2.2699999972246587,77844480,0.015625,,x86_server
ML-DSA-65_sign,284,3.9837999793235213,77844480,0.0,,x86_server
ML-DSA-65_sign,285,2.4153000267688185,77844480,0.0,,x86_server
ML-DSA-65_sign,286,2.1800000104121864,77844480,0.0,,x86_server
ML-DSA-65_sign,287,2.2834000119473785,77844480,0.0,,x86_server
ML-DSA-65_sign,288,2.7729999856092036,77844480,0.015625,,x86_server
ML-DSA-65_sign,289,3.1879000016488135,77844480,0.0,,x86_server
ML-DSA-65_sign,290,1.9712999928742647,77844480,0.0,,x86_server
ML-DSA-65_sign,291,1.9566999981179833,77844480,0.0,,x86_server
ML-DSA-65_sign,292,2.1558000007644296,77844480,0.0,,x86_server
ML-DSA-65_sign,293,2.0727000082843006,77844480,0.0,,x86_server
ML-DSA-65_sign,294,2.2038999886717647,77844480,0.015625,,x86_server
ML-DSA-65_sign,295,2.2163000248838216,77844480,0.0,,x86_server
ML-DSA-65_sign,296,2.159900002880022,77844480,0.0,,x86_server
ML-DSA-65_sign,297,1.97049998678267,77844480,0.0,,x86_server
ML-DSA-65_sign,298,3.9901999989524484,77844480,0.0,,x86_server
ML-DSA-65_sign,299,3.169300005538389,77844480,0.0,,x86_server
ML-DSA-65_sign,300,2.177100017433986,77844480,0.015625,,x86_server
ML-DSA-65_sign,301,1.9586000125855207,77844480,0.0,,x86_server
ML-DSA-65_sign,302,4.372900002636015,77844480,0.0,,x86_server
ML-DSA-65_sign,303,3.4478000015951693,77844480,0.0,,x86_server
ML-DSA-65_sign,304,1.9611000025179237,77844480,0.0,,x86_server
ML-DSA-65_sign,305,2.664299972821027,77844480,0.0,,x86_server
ML-DSA-65_sign,306,2.527699980419129,77844480,0.0,,x86_server
ML-DSA-65_sign,307,2.177499991375953,77844480,0.0,,x86_server
ML-DSA-65_sign,308,1.9570000004023314,77844480,0.0,,x86_server
ML-DSA-65_sign,309,2.892799995606765,77844480,0.0,,x86_server
ML-DSA-65_sign,310,2.074499992886558,77844480,0.0,,x86_server
ML-DSA-65_sign,311,1.9827000214718282,77844480,0.0,,x86_server
ML-DSA-65_sign,312,2.24159998469986,77844480,0.015625,,x86_server
ML-DSA-65_sign,313,2.9821000061929226,77844480,0.0,,x86_server
ML-DSA-65_sign,314,2.928100002463907,77844480,0.0,,x86_server
ML-DSA-65_sign,315,2.5693000061437488,77844480,0.0,,x86_server
ML-DSA-65_sign,316,1.9443999917712063,77844480,0.0,,x86_server
ML-DSA-65_sign,317,2.5310000055469573,77844480,0.0,,x86_server
ML-DSA-65_sign,318,3.4906999790109694,77844480,0.015625,,x86_server
ML-DSA-65_sign,319,1.9549999851733446,77844480,0.0,,x86_server
ML-DSA-65_sign,320,3.8862999936100096,77844480,0.0,,x86_server
ML-DSA-65_sign,321,1.9576000049710274,77844480,0.0,,x86_server
ML-DSA-65_sign,322,2.715200011152774,77844480,0.0,,x86_server
ML-DSA-65_sign,323,2.74990001344122,77844480,0.015625,,x86_server
ML-DSA-65_sign,324,2.382600010605529,77844480,0.0,,x86_server
ML-DSA-65_sign,325,2.1789000020362437,77844480,0.0,,x86_server
ML-DSA-65_sign,326,1.9512999861035496,77844480,0.0,,x86_server
ML-DSA-65_sign,327,1.954400009708479,77844480,0.0,,x86_server
ML-DSA-65_sign,328,2.647899993462488,77844480,0.0,,x86_server
ML-DSA-65_sign,329,2.4588999804109335,77844480,0.0,,x86_server
ML-DSA-65_sign,330,2.9377999890130013,77844480,0.0,,x86_server
ML-DSA-65_sign,331,2.7080999861937016,77844480,0.0,,x86_server
ML-DSA-65_sign,332,2.201100025558844,77844480,0.0,,x86_server
ML-DSA-65_sign,333,2.148600004147738,77844480,0.0,,x86_server
ML-DSA-65_sign,334,2.793500025290996,77844480,0.0,,x86_server
ML-DSA-65_sign,335,2.0520999969448894,77844480,0.015625,,x86_server
ML-DSA-65_sign,336,2.0148000039625913,77844480,0.0,,x86_server
ML-DSA-65_sign,337,2.21789997885935,77844480,0.0,,x86_server
ML-DSA-65_sign,338,3.0716000183019787,77844480,0.0,,x86_server
ML-DSA-65_sign,339,2.285399998072535,77844480,0.0,,x86_server
ML-DSA-65_sign,340,2.5963000080082566,77844480,0.0,,x86_server
ML-DSA-65_sign,341,1.9543000089470297,77844480,0.015625,,x86_server
ML-DSA-65_sign,342,2.8242999978829175,77844480,0.0,,x86_server
ML-DSA-65_sign,343,1.8962999747600406,77844480,0.0,,x86_server
ML-DSA-65_sign,344,2.0075000065844506,77844480,0.0,,x86_server
ML-DSA-65_sign,345,1.8964000046253204,77844480,0.0,,x86_server
ML-DSA-65_sign,346,2.4333999899681658,77844480,0.0,,x86_server
ML-DSA-65_sign,347,3.4515000006649643,77844480,0.015625,,x86_server
ML-DSA-65_sign,348,2.4418999964836985,77844480,0.0,,x86_server
ML-DSA-65_sign,349,1.9319999846629798,77844480,0.0,,x86_server
ML-DSA-65_sign,350,2.515200001653284,77844480,0.0,,x86_server
ML-DSA-65_sign,351,2.288499992573634,77844480,0.0,,x86_server
ML-DSA-65_sign,352,2.1789000020362437,77844480,0.0,,x86_server
ML-DSA-65_sign,353,1.9600999949034303,77844480,0.0,,x86_server
ML-DSA-65_sign,354,1.9879000028595328,77844480,0.015625,,x86_server
ML-DSA-65_sign,355,2.3142999853007495,77844480,0.0,,x86_server
ML-DSA-65_sign,356,1.9721999997273088,77844480,0.0,,x86_server
ML-DSA-65_sign,357,1.9144000252708793,77844480,0.0,,x86_server
ML-DSA-65_sign,358,2.0735000143758953,77844480,0.0,,x86_server
ML-DSA-65_sign,359,2.1712000016123056,77844480,0.0,,x86_server
ML-DSA-65_sign,360,2.233199978945777,77844480,0.0,,x86_server
ML-DSA-65_sign,361,1.9610000017564744,77844480,0.0,,x86_server
ML-DSA-65_sign,362,1.9964000093750656,77844480,0.0,,x86_server
ML-DSA-65_sign,363,4.429099994013086,77844480,0.0,,x86_server
ML-DSA-65_sign,364,1.9380000012461096,77844480,0.0,,x86_server
ML-DSA-65_sign,365,2.5258000241592526,77844480,0.0,,x86_server
ML-DSA-65_sign,366,2.3347999958787113,77844480,0.0,,x86_server
ML-DSA-65_sign,367,2.04459999804385,77844480,0.015625,,x86_server
ML-DSA-65_sign,368,2.5348000053782016,77844480,0.0,,x86_server
ML-DSA-65_sign,369,2.0139999978709966,77844480,0.0,,x86_server
ML-DSA-65_sign,370,3.095799998845905,77844480,0.0,,x86_server
ML-DSA-65_sign,371,2.518599998438731,77844480,0.0,,x86_server
ML-DSA-65_sign,372,2.271600009407848,77844480,0.0,,x86_server
ML-DSA-65_sign,373,2.104899991536513,77844480,0.015625,,x86_server
ML-DSA-65_sign,374,1.8967000069096684,77844480,0.0,,x86_server
ML-DSA-65_sign,375,3.3414000063203275,77844480,0.0,,x86_server
ML-DSA-65_sign,376,1.955399988219142,77844480,0.0,,x86_server
ML-DSA-65_sign,377,2.3375000164378434,77844480,0.0,,x86_server
ML-DSA-65_sign,378,1.9887000089511275,77844480,0.0,,x86_server
ML-DSA-65_sign,379,2.306999987922609,77844480,0.015625,,x86_server
ML-DSA-65_sign,380,2.1721000084653497,77844480,0.0,,x86_server
ML-DSA-65_sign,381,1.9471999839879572,77844480,0.0,,x86_server
ML-DSA-65_sign,382,2.3641999869141728,77844480,0.0,,x86_server
ML-DSA-65_sign,383,2.6866999978665262,77844480,0.0,,x86_server
ML-DSA-65_sign,384,1.974499988136813,77844480,0.0,,x86_server
ML-DSA-65_sign,385,2.07419999060221,77844480,0.0,,x86_server
ML-DSA-65_sign,386,2.7719000063370913,77844480,0.015625,,x86_server
ML-DSA-65_sign,387,2.9005999967921525,77844480,0.0,,x86_server
ML-DSA-65_sign,388,2.1853999933227897,77844480,0.0,,x86_server
ML-DSA-65_sign,389,2.3357000027317554,77844480,0.0,,x86_server
ML-DSA-65_sign,390,2.8918000170961022,77844480,0.0,,x86_server
ML-DSA-65_sign,391,1.9631999894045293,77844480,0.0,,x86_server
ML-DSA-65_sign,392,2.584400004707277,77844480,0.015625,,x86_server
ML-DSA-65_sign,393,2.185300021665171,77844480,0.0,,x86_server
ML-DSA-65_sign,394,2.437399991322309,77844480,0.0,,x86_server
ML-DSA-65_sign,395,2.60470001376234,77844480,0.0,,x86_server
ML-DSA-65_sign,396,2.9360000044107437,77844480,0.0,,x86_server
ML-DSA-65_sign,397,2.6043999823741615,77844480,0.0,,x86_server
ML-DSA-65_sign,398,3.0169000092428178,77844480,0.015625,,x86_server
ML-DSA-65_sign,399,2.6288999943062663,77844480,0.0,,x86_server
ML-DSA-65_sign,400,2.7941000007558614,77844480,0.0,,x86_server
ML-DSA-65_sign,401,3.355199994985014,77844480,0.0,,x86_server
ML-DSA-65_sign,402,2.0800000056624413,77844480,0.0,,x86_server
ML-DSA-65_sign,403,2.1108000073581934,77844480,0.015625,,x86_server
ML-DSA-65_sign,404,1.9269000040367246,77844480,0.0,,x86_server
ML-DSA-65_sign,405,1.8903999880421907,77844480,0.0,,x86_server
ML-DSA-65_sign,406,2.26979999570176,77844480,0.0,,x86_server
ML-DSA-65_sign,407,2.3113000206649303,77844480,0.0,,x86_server
ML-DSA-65_sign,408,1.9246999872848392,77844480,0.0,,x86_server
ML-DSA-65_sign,409,1.9647000008262694,77844480,0.0,,x86_server
ML-DSA-65_sign,410,2.4037000257521868,77844480,0.015625,,x86_server
ML-DSA-65_sign,411,3.1562000222038478,77844480,0.0,,x86_server
ML-DSA-65_sign,412,2.793200023006648,77844480,0.0,,x86_server
ML-DSA-65_sign,413,2.154399990104139,77844480,0.0,,x86_server
ML-DSA-65_sign,414,2.287699986482039,77844480,0.0,,x86_server
ML-DSA-65_sign,415,2.200899994932115,77844480,0.0,,x86_server
ML-DSA-65_sign,416,2.408299973467365,77844480,0.015625,,x86_server
ML-DSA-65_sign,417,2.294499980052933,77844480,0.0,,x86_server
ML-DSA-65_sign,418,3.142200002912432,77844480,0.0,,x86_server
ML-DSA-65_sign,419,2.0825999963562936,77844480,0.0,,x86_server
ML-DSA-65_sign,420,2.0312000124249607,77844480,0.0,,x86_server
ML-DSA-65_sign,421,2.081299986457452,77844480,0.0,,x86_server
ML-DSA-65_sign,422,2.2575999901164323,77844480,0.0,,x86_server
ML-DSA-65_sign,423,2.513000014005229,77844480,0.015625,,x86_server
ML-DSA-65_sign,424,2.55129998549819,77844480,0.0,,x86_server
ML-DSA-65_sign,425,1.959699991857633,77844480,0.0,,x86_server
ML-DSA-65_sign,426,3.026599995791912,77844480,0.0,,x86_server
ML-DSA-65_sign,427,3.6983999889343977,77844480,0.0,,x86_server
ML-DSA-65_sign,428,2.193199994508177,77844480,0.015625,,x86_server
ML-DSA-65_sign,429,2.1877000108361244,77844480,0.0,,x86_server
ML-DSA-65_sign,430,3.06099999579601,77844480,0.0,,x86_server
ML-DSA-65_sign,431,2.293099998496473,77844480,0.0,,x86_server
ML-DSA-65_sign,432,1.9768000056501478,77844480,0.0,,x86_server
ML-DSA-65_sign,433,2.658999990671873,77844480,0.0,,x86_server
ML-DSA-65_sign,434,3.029999992577359,77844480,0.015625,,x86_server
ML-DSA-65_sign,435,2.060300001176074,77844480,0.0,,x86_server
ML-DSA-65_sign,436,3.953899984480813,77844480,0.0,,x86_server
ML-DSA-65_sign,437,2.57650000276044,77844480,0.0,,x86_server
ML-DSA-65_sign,438,2.1969999943394214,77844480,0.0,,x86_server
ML-DSA-65_sign,439,2.694599999813363,77844480,0.015625,,x86_server
ML-DSA-65_sign,440,1.9610000017564744,77844480,0.0,,x86_server
ML-DSA-65_sign,441,2.8158000204712152,77844480,0.0,,x86_server
ML-DSA-65_sign,442,1.949500001501292,77844480,0.0,,x86_server
ML-DSA-65_sign,443,2.15430001844652,77844480,0.0,,x86_server
ML-DSA-65_sign,444,2.241400012280792,77844480,0.0,,x86_server
ML-DSA-65_sign,445,2.3126000014599413,77844480,0.0,,x86_server
ML-DSA-65_sign,446,2.080999984173104,77844480,0.015625,,x86_server
ML-DSA-65_sign,447,3.5561999829951674,77844480,0.0,,x86_server
ML-DSA-65_sign,448,2.347600006032735,77844480,0.0,,x86_server
ML-DSA-65_sign,449,1.930099999299273,77844480,0.0,,x86_server
ML-DSA-65_sign,450,2.366499975323677,77844480,0.0,,x86_server
ML-DSA-65_sign,451,2.160500007448718,77844480,0.0,,x86_server
ML-DSA-65_sign,452,1.951600017491728,77844480,0.015625,,x86_server
ML-DSA-65_sign,453,2.392400027019903,77844480,0.0,,x86_server
ML-DSA-65_sign,454,3.8323999906424433,77844480,0.0,,x86_server
ML-DSA-65_sign,455,2.6202000153716654,77844480,0.0,,x86_server
ML-DSA-65_sign,456,1.9557999912649393,77844480,0.0,,x86_server
ML-DSA-65_sign,457,1.9050000119023025,77844480,0.0,,x86_server
ML-DSA-65_sign,458,2.183399978093803,77844480,0.015625,,x86_server
ML-DSA-65_sign,459,2.0678000000771135,77844480,0.0,,x86_server
ML-DSA-65_sign,460,2.1590999967884272,77844480,0.0,,x86_server
ML-DSA-65_sign,461,2.9374999867286533,77844480,0.0,,x86_server
ML-DSA-65_sign,462,2.06830000388436,77844480,0.0,,x86_server
ML-DSA-65_sign,463,3.097200009506196,77844480,0.0,,x86_server
ML-DSA-65_sign,464,2.261499990709126,77844480,0.015625,,x86_server
ML-DSA-65_sign,465,2.06830000388436,77844480,0.0,,x86_server
ML-DSA-65_sign,466,2.234000014141202,77844480,0.0,,x86_server
ML-DSA-65_sign,467,2.4572999973315746,77844480,0.0,,x86_server
ML-DSA-65_sign,468,2.139899996109307,77844480,0.0,,x86_server
ML-DSA-65_sign,469,2.051399991614744,77844480,0.0,,x86_server
ML-DSA-65_sign,470,2.275099977850914,77844480,0.0,,x86_server
ML-DSA-65_sign,471,2.6621999859344214,77844480,0.015625,,x86_server
ML-DSA-65_sign,472,2.2157000203151256,77844480,0.0,,x86_server
ML-DSA-65_sign,473,2.0175999961793423,77844480,0.0,,x86_server
ML-DSA-65_sign,474,2.070699993055314,77844480,0.0,,x86_server
ML-DSA-65_sign,475,2.3901000095065683,77844480,0.0,,x86_server
ML-DSA-65_sign,476,1.967099989997223,77844480,0.0,,x86_server
ML-DSA-65_sign,477,2.0249999943189323,77844480,0.015625,,x86_server
ML-DSA-65_sign,478,2.3796000168658793,77844480,0.0,,x86_server
ML-DSA-65_sign,479,2.6416000036988407,77844480,0.0,,x86_server
ML-DSA-65_sign,480,1.937199995154515,77844480,0.0,,x86_server
ML-DSA-65_sign,481,1.9262999994680285,77844480,0.0,,x86_server
ML-DSA-65_sign,482,2.1881999855395406,77844480,0.0,,x86_server
ML-DSA-65_sign,483,1.9181999959982932,77844480,0.0,,x86_server
ML-DSA-65_sign,484,1.9833000260405242,77844480,0.015625,,x86_server
ML-DSA-65_sign,485,2.6286999927833676,77844480,0.0,,x86_server
ML-DSA-65_sign,486,1.9158000068273395,77844480,0.0,,x86_server
ML-DSA-65_sign,487,2.5957000034395605,77844480,0.0,,x86_server
ML-DSA-65_sign,488,2.748099999735132,77844480,0.0,,x86_server
ML-DSA-65_sign,489,2.3181999858934432,77844480,0.0,,x86_server
ML-DSA-65_sign,490,2.4557999859098345,77844480,0.015625,,x86_server
ML-DSA-65_sign,491,3.730199998244643,77844480,0.0,,x86_server
ML-DSA-65_sign,492,2.743299992289394,77844480,0.0,,x86_server
ML-DSA-65_sign,493,2.2213000047486275,77844480,0.0,,x86_server
ML-DSA-65_sign,494,3.8437000184785575,77844480,0.0,,x86_server
ML-DSA-65_sign,495,2.0521999977063388,77844480,0.0,,x86_server
ML-DSA-65_sign,496,2.692499983822927,77844480,0.0,,x86_server
ML-DSA-65_sign,497,2.057100005913526,77844480,0.0,,x86_server
ML-DSA-65_sign,498,2.1696999901905656,77844480,0.0,,x86_server
ML-DSA-65_sign,499,2.5019999884534627,77844480,0.0,,x86_server
ML-DSA-65_sign,500,2.0764999790117145,77844480,0.0,,x86_server
ML-DSA-65_sign,501,1.9898999889846891,77844480,0.0,,x86_server
ML-DSA-65_sign,502,2.444799989461899,77844480,0.015625,,x86_server
ML-DSA-65_sign,503,2.256200008559972,77844480,0.0,,x86_server
ML-DSA-65_sign,504,2.9162999999243766,77844480,0.0,,x86_server
ML-DSA-65_sign,505,2.3164000012911856,77844480,0.0,,x86_server
ML-DSA-65_sign,506,2.0523999992292374,77844480,0.0,,x86_server
ML-DSA-65_sign,507,2.2705000010319054,77844480,0.0,,x86_server
ML-DSA-65_sign,508,2.0511000184342265,77844480,0.015625,,x86_server
ML-DSA-65_sign,509,1.9604999979492277,77844480,0.0,,x86_server
ML-DSA-65_sign,510,1.9591999880503863,77844480,0.0,,x86_server
ML-DSA-65_sign,511,2.038799982983619,77844480,0.0,,x86_server
ML-DSA-65_sign,512,2.6425000105518848,77844480,0.0,,x86_server
ML-DSA-65_sign,513,1.9099999917671084,77844480,0.0,,x86_server
ML-DSA-65_sign,514,2.396800002316013,77844480,0.0,,x86_server
ML-DSA-65_sign,515,2.574600017396733,77844480,0.015625,,x86_server
ML-DSA-65_sign,516,2.5645999994594604,77844480,0.0,,x86_server
ML-DSA-65_sign,517,2.530099998693913,77844480,0.0,,x86_server
ML-DSA-65_sign,518,2.072999981464818,77844480,0.0,,x86_server
ML-DSA-65_sign,519,2.286300004925579,77844480,0.0,,x86_server
ML-DSA-65_sign,520,2.1459000126924366,77844480,0.0,,x86_server
ML-DSA-65_sign,521,1.8964000046253204,77844480,0.015625,,x86_server
ML-DSA-65_sign,522,3.1370999931823462,77844480,0.0,,x86_server
ML-DSA-65_sign,523,3.3773000177461654,77844480,0.0,,x86_server
ML-DSA-65_sign,524,4.4433000148274004,77844480,0.0,,x86_server
ML-DSA-65_sign,525,2.0087999873794615,77844480,0.0,,x86_server
ML-DSA-65_sign,526,2.384199993684888,77844480,0.015625,,x86_server
ML-DSA-65_sign,527,2.641099999891594,77844480,0.0,,x86_server
ML-DSA-65_sign,528,2.3108999885153025,77844480,0.0,,x86_server
ML-DSA-65_sign,529,2.0647000055760145,77844480,0.0,,x86_server
ML-DSA-65_sign,530,2.0035000052303076,77844480,0.0,,x86_server
ML-DSA-65_sign,531,2.38089999766089,77844480,0.0,,x86_server
ML-DSA-65_sign,532,2.074699994409457,77844480,0.0,,x86_server
ML-DSA-65_sign,533,2.6723000046331435,77844480,0.015625,,x86_server
ML-DSA-65_sign,534,2.3973000061232597,77844480,0.0,,x86_server
ML-DSA-65_sign,535,2.4941000156104565,77844480,0.0,,x86_server
ML-DSA-65_sign,536,1.9625999848358333,77844480,0.0,,x86_server
ML-DSA-65_sign,537,2.45789997279644,77844480,0.0,,x86_server
ML-DSA-65_sign,538,1.9472999847494066,77844480,0.0,,x86_server
ML-DSA-65_sign,539,2.206199977081269,77844480,0.015625,,x86_server
ML-DSA-65_sign,540,2.074499992886558,77844480,0.0,,x86_server
ML-DSA-65_sign,541,2.349400019738823,77844480,0.0,,x86_server
ML-DSA-65_sign,542,2.805900003295392,77844480,0.0,,x86_server
ML-DSA-65_sign,543,3.201999992597848,77844480,0.0,,x86_server
ML-DSA-65_sign,544,1.7817000043578446,77844480,0.0,,x86_server
ML-DSA-65_sign,545,2.486999990651384,77844480,0.015625,,x86_server
ML-DSA-65_sign,546,2.07129999762401,77844480,0.0,,x86_server
ML-DSA-65_sign,547,2.5800000003073364,77844480,0.0,,x86_server
ML-DSA-65_sign,548,1.9570000004023314,77844480,0.0,,x86_server
ML-DSA-65_sign,549,2.2903999779373407,77844480,0.0,,x86_server
ML-DSA-65_sign,550,2.052900003036484,77844480,0.0,,x86_server
ML-DSA-65_sign,551,2.6313999842386693,77844480,0.0,,x86_server
ML-DSA-65_sign,552,3.017000010004267,77844480,0.015625,,x86_server
ML-DSA-65_sign,553,2.2770999930799007,77844480,0.0,,x86_server
ML-DSA-65_sign,554,2.9269999940879643,77844480,0.0,,x86_server
ML-DSA-65_sign,555,2.1829000033903867,77844480,0.0,,x86_server
ML-DSA-65_sign,556,2.0804000087082386,77844480,0.0,,x86_server
ML-DSA-65_sign,557,2.393700007814914,77844480,0.015625,,x86_server
ML-DSA-65_sign,558,2.3904000117909163,77844480,0.0,,x86_server
ML-DSA-65_sign,559,2.738200011663139,77844480,0.0,,x86_server
ML-DSA-65_sign,560,2.1988000080455095,77844480,0.0,,x86_server
ML-DSA-65_sign,561,2.4089999787975103,77844480,0.0,,x86_server
ML-DSA-65_sign,562,2.3883999965619296,77844480,0.0,,x86_server
ML-DSA-65_sign,563,2.051399991614744,77844480,0.0,,x86_server
ML-DSA-65_sign,564,1.9564999965950847,77844480,0.015625,,x86_server
ML-DSA-65_sign,565,2.162399992812425,77844480,0.0,,x86_server
ML-DSA-65_sign,566,2.2650999890174717,77844480,0.0,,x86_server
ML-DSA-65_sign,567,2.2862000041641295,77844480,0.0,,x86_server
ML-DSA-65_sign,568,2.014099998632446,77844480,0.0,,x86_server
ML-DSA-65_sign,569,2.6122000126633793,77844480,0.0,,x86_server
ML-DSA-65_sign,570,2.6032000023406,77844480,0.015625,,x86_server
ML-DSA-65_sign,571,1.9560999935492873,77844480,0.0,,x86_server
ML-DSA-65_sign,572,2.2912999847903848,77844480,0.0,,x86_server
ML-DSA-65_sign,573,2.208100020652637,77844480,0.0,,x86_server
ML-DSA-65_sign,574,2.737900009378791,77844480,0.0,,x86_server
ML-DSA-65_sign,575,2.140600001439452,77844480,0.0,,x86_server
ML-DSA-65_sign,576,1.9524999952409416,77844480,0.0,,x86_server
ML-DSA-65_sign,577,1.943699986441061,77844480,0.015625,,x86_server
ML-DSA-65_sign,578,1.913700019940734,77844480,0.0,,x86_server
ML-DSA-65_sign,579,2.513199986424297,77844480,0.0,,x86_server
ML-DSA-65_sign,580,2.392199996393174,77844480,0.0,,x86_server
ML-DSA-65_sign,581,2.4730000004637986,77844480,0.0,,x86_server
ML-DSA-65_sign,582,2.332200005184859,77844480,0.0,,x86_server
ML-DSA-65_sign,583,1.9539000059012324,77844480,0.0,,x86_server
ML-DSA-65_sign,584,2.2382000170182437,77844480,0.015625,,x86_server
ML-DSA-65_sign,585,2.127699990523979,77844480,0.0,,x86_server
ML-DSA-65_sign,586,1.9641999970190227,77844480,0.0,,x86_server
ML-DSA-65_sign,587,1.943300012499094,77844480,0.0,,x86_server
ML-DSA-65_sign,588,2.1727000130340457,77844480,0.0,,x86_server
ML-DSA-65_sign,589,1.9990000000689179,77844480,0.0,,x86_server
ML-DSA-65_sign,590,2.7592999977059662,77844480,0.015625,,x86_server
ML-DSA-65_sign,591,2.1755000052507967,77844480,0.0,,x86_server
ML-DSA-65_sign,592,2.8033999842591584,77844480,0.0,,x86_server
ML-DSA-65_sign,593,3.1664999842178077,77844480,0.0,,x86_server
ML-DSA-65_sign,594,2.303999994182959,77844480,0.0,,x86_server
ML-DSA-65_sign,595,2.7376999787520617,77844480,0.0,,x86_server
ML-DSA-65_sign,596,2.3182000149972737,77844480,0.015625,,x86_server
ML-DSA-65_sign,597,2.5283000140916556,77844480,0.0,,x86_server
ML-DSA-65_sign,598,2.376799995545298,77844480,0.0,,x86_server
ML-DSA-65_sign,599,3.4869000082835555,77844480,0.0,,x86_server
ML-DSA-65_sign,600,2.1511999948415905,77844480,0.0,,x86_server
ML-DSA-65_sign,601,2.144300000509247,77844480,0.0,,x86_server
ML-DSA-65_sign,602,1.944899995578453,77844480,0.015625,,x86_server
ML-DSA-65_sign,603,2.130199980456382,77844480,0.0,,x86_server
ML-DSA-65_sign,604,3.0836999940220267,77844480,0.0,,x86_server
ML-DSA-65_sign,605,2.1760999807156622,77844480,0.0,,x86_server
ML-DSA-65_sign,606,1.990000018849969,77844480,0.0,,x86_server
ML-DSA-65_sign,607,2.3987999884411693,77844480,0.0,,x86_server
ML-DSA-65_sign,608,1.9709999905899167,77844480,0.015625,,x86_server
ML-DSA-65_sign,609,2.154099987819791,77844480,0.0,,x86_server
ML-DSA-65_sign,610,2.383299986831844,77844480,0.0,,x86_server
ML-DSA-65_sign,611,3.6847000010311604,77844480,0.0,,x86_server
ML-DSA-65_sign,612,1.9932000141125172,77844480,0.0,,x86_server
ML-DSA-65_sign,613,2.0300000032875687,77844480,0.0,,x86_server
ML-DSA-65_sign,614,2.09199998062104,77844480,0.015625,,x86_server
ML-DSA-65_sign,615,4.078999976627529,77844480,0.0,,x86_server
ML-DSA-65_sign,616,1.9680999976117164,77844480,0.0,,x86_server
ML-DSA-65_sign,617,2.2523000079672784,77844480,0.0,,x86_server
ML-DSA-65_sign,618,2.7157999866176397,77844480,0.0,,x86_server
ML-DSA-65_sign,619,2.1424000151455402,77844480,0.0,,x86_server
ML-DSA-65_sign,620,2.8255000070203096,77844480,0.015625,,x86_server
ML-DSA-65_sign,621,2.2957999899517745,77844480,0.0,,x86_server
ML-DSA-65_sign,622,2.1530000085476786,77844480,0.0,,x86_server
ML-DSA-65_sign,623,2.081899991026148,77844480,0.0,,x86_server
ML-DSA-65_sign,624,2.4723999958951026,77844480,0.0,,x86_server
ML-DSA-65_sign,625,2.0798000041395426,77844480,0.0,,x86_server
ML-DSA-65_sign,626,3.3137999998871237,77844480,0.015625,,x86_server
ML-DSA-65_sign,627,2.4628999817650765,77844480,0.0,,x86_server
ML-DSA-65_sign,628,1.9029999966733158,77844480,0.0,,x86_server
ML-DSA-65_sign,629,2.3428999993484467,77844480,0.0,,x86_server
ML-DSA-65_sign,630,3.073300002142787,77844480,0.0,,x86_server
ML-DSA-65_sign,631,2.8460999892558903,77844480,0.0,,x86_server
ML-DSA-65_sign,632,3.225599997676909,77844480,0.015625,,x86_server
ML-DSA-65_sign,633,2.0804000087082386,77844480,0.0,,x86_server
ML-DSA-65_sign,634,2.522399998269975,77844480,0.0,,x86_server
ML-DSA-65_sign,635,2.4230999988503754,77844480,0.0,,x86_server
ML-DSA-65_sign,636,2.8021000034641474,77844480,0.0,,x86_server
ML-DSA-65_sign,637,1.9543000089470297,77844480,0.0,,x86_server
ML-DSA-65_sign,638,1.9591000163927674,77844480,0.015625,,x86_server
ML-DSA-65_sign,639,1.9623000116553158,77844480,0.0,,x86_server
ML-DSA-65_sign,640,2.0401999936439097,77844480,0.0,,x86_server
ML-DSA-65_sign,641,2.2133000020403415,77844480,0.0,,x86_server
ML-DSA-65_sign,642,3.193500015186146,77844480,0.0,,x86_server
ML-DSA-65_sign,643,3.6546000046655536,77844480,0.0,,x86_server
ML-DSA-65_sign,644,1.960599998710677,77844480,0.015625,,x86_server
ML-DSA-65_sign,645,1.9566000264603645,77844480,0.0,,x86_server
ML-DSA-65_sign,646,2.2767999907955527,77844480,0.0,,x86_server
ML-DSA-65_sign,647,2.391800022451207,77844480,0.0,,x86_server
ML-DSA-65_sign,648,2.0786999957636,77844480,0.0,,x86_server
ML-DSA-65_sign,649,2.075900003546849,77844480,0.0,,x86_server
ML-DSA-65_sign,650,1.978499989490956,77844480,0.0,,x86_server
ML-DSA-65_sign,651,2.1497999841813,77844480,0.015625,,x86_server
ML-DSA-65_sign,652,2.6345000078435987,77844480,0.0,,x86_server
ML-DSA-65_sign,653,1.9158999784849584,77844480,0.0,,x86_server
ML-DSA-65_sign,654,2.5169000145979226,77844480,0.0,,x86_server
ML-DSA-65_sign,655,1.9579000072553754,77844480,0.0,,x86_server
ML-DSA-65_sign,656,2.182099997298792,77844480,0.0,,x86_server
ML-DSA-65_sign,657,1.9606999994721264,77844480,0.0,,x86_server
ML-DSA-65_sign,658,1.9902000203728676,77844480,0.015625,,x86_server
ML-DSA-65_sign,659,2.4462999717798084,77844480,0.0,,x86_server
ML-DSA-65_sign,660,2.4401999835390598,77844480,0.0,,x86_server
ML-DSA-65_sign,661,1.858100004028529,77844480,0.0,,x86_server
ML-DSA-65_sign,662,3.2294999982696027,77844480,0.0,,x86_server
ML-DSA-65_sign,663,2.2940999770071357,77844480,0.0,,x86_server
ML-DSA-65_sign,664,2.057500008959323,77844480,0.015625,,x86_server
ML-DSA-65_sign,665,2.9793999856337905,77844480,0.0,,x86_server
ML-DSA-65_sign,666,2.7757000061683357,77844480,0.0,,x86_server
ML-DSA-65_sign,667,2.1794999775011092,77844480,0.0,,x86_server
ML-DSA-65_sign,668,2.2305000165943056,77844480,0.0,,x86_server
ML-DSA-65_sign,669,2.504400006728247,77844480,0.0,,x86_server
ML-DSA-65_sign,670,4.0059000020846725,77844480,0.0,,x86_server
ML-DSA-65_sign,671,2.4950999941211194,77844480,0.0,,x86_server
ML-DSA-65_sign,672,2.091000002110377,77844480,0.0,,x86_server
ML-DSA-65_sign,673,2.1741999953519553,77844480,0.0,,x86_server
ML-DSA-65_sign,674,2.0739999890793115,77844480,0.0,,x86_server
ML-DSA-65_sign,675,2.184800017857924,77844480,0.0,,x86_server
ML-DSA-65_sign,676,2.6873000024352223,77844480,0.015625,,x86_server
ML-DSA-65_sign,677,2.059699996607378,77844480,0.0,,x86_server
ML-DSA-65_sign,678,3.0501000001095235,77844480,0.0,,x86_server
ML-DSA-65_sign,679,2.4609999964013696,77844480,0.0,,x86_server
ML-DSA-65_sign,680,2.861300017684698,77844480,0.0,,x86_server
ML-DSA-65_sign,681,1.955099985934794,77910016,0.015625,,x86_server
ML-DSA-65_sign,682,2.5009999808389693,77910016,0.0,,x86_server
ML-DSA-65_sign,683,3.3672999998088926,77910016,0.0,,x86_server
ML-DSA-65_sign,684,1.992999983485788,77910016,0.0,,x86_server
ML-DSA-65_sign,685,2.2538999910466373,77910016,0.0,,x86_server
ML-DSA-65_sign,686,2.129200001945719,77910016,0.0,,x86_server
ML-DSA-65_sign,687,2.434399997582659,77910016,0.015625,,x86_server
ML-DSA-65_sign,688,3.537500015227124,77910016,0.0,,x86_server
ML-DSA-65_sign,689,2.6169999910052866,77910016,0.0,,x86_server
ML-DSA-65_sign,690,2.8357999981381,77910016,0.0,,x86_server
ML-DSA-65_sign,691,2.9519999807234854,77910016,0.0,,x86_server
ML-DSA-65_sign,692,1.962499984074384,77910016,0.0,,x86_server
ML-DSA-65_sign,693,2.6322999910917133,77910016,0.015625,,x86_server
ML-DSA-65_sign,694,2.4110999947879463,77910016,0.0,,x86_server
ML-DSA-65_sign,695,2.511200000299141,77910016,0.0,,x86_server
ML-DSA-65_sign,696,2.296199992997572,77910016,0.0,,x86_server
ML-DSA-65_sign,697,2.723800018429756,77910016,0.0,,x86_server
ML-DSA-65_sign,698,2.231599995866418,77910016,0.0,,x86_server
ML-DSA-65_sign,699,2.106700005242601,77910016,0.015625,,x86_server
ML-DSA-65_sign,700,2.217100001871586,77910016,0.0,,x86_server
ML-DSA-65_sign,701,2.078000019537285,77910016,0.0,,x86_server
ML-DSA-65_sign,702,2.066499990178272,77910016,0.0,,x86_server
ML-DSA-65_sign,703,2.218499983428046,77910016,0.0,,x86_server
ML-DSA-65_sign,704,1.9306000031065196,77910016,0.0,,x86_server
ML-DSA-65_sign,705,1.9200000097043812,77910016,0.0,,x86_server
ML-DSA-65_sign,706,3.1376999977510422,77910016,0.015625,,x86_server
ML-DSA-65_sign,707,2.499599999282509,77910016,0.0,,x86_server
ML-DSA-65_sign,708,2.014099998632446,77910016,0.0,,x86_server
ML-DSA-65_sign,709,1.8939000146929175,77910016,0.0,,x86_server
ML-DSA-65_sign,710,2.067900000838563,77910016,0.0,,x86_server
ML-DSA-65_sign,711,2.4563999904785305,77910016,0.0,,x86_server
ML-DSA-65_sign,712,2.0761000050697476,77910016,0.015625,,x86_server
ML-DSA-65_sign,713,1.9116000039502978,77910016,0.0,,x86_server
ML-DSA-65_sign,714,2.6292999973520637,77910016,0.0,,x86_server
ML-DSA-65_sign,715,1.9429999811109155,77910016,0.0,,x86_server
ML-DSA-65_sign,716,2.134900016244501,77910016,0.0,,x86_server
ML-DSA-65_sign,717,2.356599987251684,77910016,0.0,,x86_server
ML-DSA-65_sign,718,1.9429999811109155,77910016,0.0,,x86_server
ML-DSA-65_sign,719,2.3840999929234385,77910016,0.015625,,x86_server
ML-DSA-65_sign,720,2.2671000042464584,77910016,0.0,,x86_server
ML-DSA-65_sign,721,2.0800000056624413,77910016,0.0,,x86_server
ML-DSA-65_sign,722,1.8868999904952943,77910016,0.0,,x86_server
ML-DSA-65_sign,723,2.301200001966208,77910016,0.0,,x86_server
ML-DSA-65_sign,724,2.177199989091605,77910016,0.0,,x86_server
ML-DSA-65_sign,725,2.057700010482222,77910016,0.0,,x86_server
ML-DSA-65_sign,726,2.3945000139065087,77910016,0.015625,,x86_server
ML-DSA-65_sign,727,2.440100011881441,77910016,0.0,,x86_server
ML-DSA-65_sign,728,2.1908000053372234,77910016,0.0,,x86_server
ML-DSA-65_sign,729,4.10550000378862,77910016,0.0,,x86_server
ML-DSA-65_sign,730,2.5977000186685473,77910016,0.0,,x86_server
ML-DSA-65_sign,731,3.150800010189414,77910016,0.015625,,x86_server
ML-DSA-65_sign,732,2.056800003629178,79835136,0.0,,x86_server
ML-DSA-65_sign,733,2.259900007629767,79835136,0.0,,x86_server
ML-DSA-65_sign,734,1.9617000070866197,79835136,0.0,,x86_server
ML-DSA-65_sign,735,2.2929999977350235,79835136,0.0,,x86_server
ML-DSA-65_sign,736,1.9080000056419522,79835136,0.0,,x86_server
ML-DSA-65_sign,737,2.3055000056046993,79835136,0.015625,,x86_server
ML-DSA-65_sign,738,3.0236000020522624,79835136,0.0,,x86_server
ML-DSA-65_sign,739,2.360700018471107,79835136,0.0,,x86_server
ML-DSA-65_sign,740,1.9811000092886388,79835136,0.0,,x86_server
ML-DSA-65_sign,741,1.8946000200230628,79835136,0.0,,x86_server
ML-DSA-65_sign,742,1.961200003279373,79835136,0.0,,x86_server
ML-DSA-65_sign,743,1.9091000140178949,79835136,0.015625,,x86_server
ML-DSA-65_sign,744,2.0414000027813017,79835136,0.0,,x86_server
ML-DSA-65_sign,745,2.075399999739602,79835136,0.0,,x86_server
ML-DSA-65_sign,746,3.551799978595227,79835136,0.0,,x86_server
ML-DSA-65_sign,747,3.080099995713681,79835136,0.0,,x86_server
ML-DSA-65_sign,748,1.9595000194385648,79835136,0.0,,x86_server
ML-DSA-65_sign,749,3.0592000111937523,79835136,0.015625,,x86_server
ML-DSA-65_sign,750,3.0528999923262745,79835136,0.0,,x86_server
ML-DSA-65_sign,751,2.2729999909643084,79835136,0.0,,x86_server
ML-DSA-65_sign,752,3.085300006205216,79835136,0.0,,x86_server
ML-DSA-65_sign,753,2.960000012535602,79835136,0.0,,x86_server
ML-DSA-65_sign,754,2.6255000266246498,79835136,0.0,,x86_server
ML-DSA-65_sign,755,2.0268000080250204,79835136,0.015625,,x86_server
ML-DSA-65_sign,756,2.1945000044070184,79835136,0.0,,x86_server
ML-DSA-65_sign,757,1.969500008272007,79835136,0.0,,x86_server
ML-DSA-65_sign,758,1.920500013511628,79835136,0.0,,x86_server
ML-DSA-65_sign,759,2.0456000056583434,79835136,0.0,,x86_server
ML-DSA-65_sign,760,2.594599995063618,79835136,0.0,,x86_server
ML-DSA-65_sign,761,1.9197000074200332,79839232,0.015625,,x86_server
ML-DSA-65_sign,762,2.379999990807846,79839232,0.0,,x86_server
ML-DSA-65_sign,763,1.8959000008180737,79839232,0.0,,x86_server
ML-DSA-65_sign,764,1.8764999986160547,79839232,0.0,,x86_server
ML-DSA-65_sign,765,2.348800015170127,79839232,0.0,,x86_server
ML-DSA-65_sign,766,2.326300018467009,79839232,0.0,,x86_server
ML-DSA-65_sign,767,3.3610000100452453,79839232,0.0,,x86_server
ML-DSA-65_sign,768,3.330200008349493,79839232,0.015625,,x86_server
ML-DSA-65_sign,769,3.4346999891567975,79839232,0.0,,x86_server
ML-DSA-65_sign,770,3.327100013848394,79839232,0.0,,x86_server
ML-DSA-65_sign,771,2.1980000019539148,79839232,0.0,,x86_server
ML-DSA-65_sign,772,2.059599995845929,79839232,0.0,,x86_server
ML-DSA-65_sign,773,2.2029999818187207,79839232,0.015625,,x86_server
ML-DSA-65_sign,774,3.2492000027559698,79839232,0.0,,x86_server
ML-DSA-65_sign,775,2.7116999845020473,79839232,0.0,,x86_server
ML-DSA-65_sign,776,2.901199972257018,79839232,0.0,,x86_server
ML-DSA-65_sign,777,1.945199997862801,79839232,0.0,,x86_server
ML-DSA-65_sign,778,2.0275999850127846,79839232,0.0,,x86_server
ML-DSA-65_sign,779,1.9011999829672277,79839232,0.015625,,x86_server
ML-DSA-65_sign,780,3.2937000214587897,79839232,0.0,,x86_server
ML-DSA-65_sign,781,1.9671999907586724,79839232,0.0,,x86_server
ML-DSA-65_sign,782,2.2357999987434596,79839232,0.0,,x86_server
ML-DSA-65_sign,783,2.929600013885647,79839232,0.0,,x86_server
ML-DSA-65_sign,784,2.5984999956563115,79839232,0.0,,x86_server
ML-DSA-65_sign,785,2.8992000152356923,79839232,0.015625,,x86_server
ML-DSA-65_sign,786,3.204799984814599,79839232,0.0,,x86_server
ML-DSA-65_sign,787,2.1952999813947827,79839232,0.0,,x86_server
ML-DSA-65_sign,788,1.964900002349168,79839232,0.0,,x86_server
ML-DSA-65_sign,789,2.449999999953434,79839232,0.0,,x86_server
ML-DSA-65_sign,790,2.591500000562519,79839232,0.0,,x86_server
ML-DSA-65_sign,791,2.9190999921411276,79839232,0.015625,,x86_server
ML-DSA-65_sign,792,2.5169999862555414,79839232,0.0,,x86_server
ML-DSA-65_sign,793,3.342100011650473,79839232,0.0,,x86_server
ML-DSA-65_sign,794,2.896300022257492,79839232,0.0,,x86_server
ML-DSA-65_sign,795,2.0305000070948154,79839232,0.0,,x86_server
ML-DSA-65_sign,796,2.1127999934833497,79839232,0.015625,,x86_server
ML-DSA-65_sign,797,2.2770999930799007,79839232,0.0,,x86_server
ML-DSA-65_sign,798,2.0173000229988247,79839232,0.0,,x86_server
ML-DSA-65_sign,799,2.2323000011965632,79839232,0.0,,x86_server
ML-DSA-65_sign,800,2.1856999956071377,79839232,0.0,,x86_server
ML-DSA-65_sign,801,2.0941999973729253,79839232,0.0,,x86_server
ML-DSA-65_sign,802,2.8541999927256256,79839232,0.0,,x86_server
ML-DSA-65_sign,803,2.304299996467307,79839232,0.0,,x86_server
ML-DSA-65_sign,804,2.463599987095222,79839232,0.0,,x86_server
ML-DSA-65_sign,805,2.6265000051353127,79839232,0.0,,x86_server
ML-DSA-65_sign,806,2.616799989482388,79839232,0.0,,x86_server
ML-DSA-65_sign,807,2.485400007572025,79839232,0.0,,x86_server
ML-DSA-65_sign,808,1.9632999901659787,79839232,0.0,,x86_server
ML-DSA-65_sign,809,3.160399995977059,79839232,0.015625,,x86_server
ML-DSA-65_sign,810,2.3327000089921057,79839232,0.0,,x86_server
ML-DSA-65_sign,811,2.062000014120713,79839232,0.0,,x86_server
ML-DSA-65_sign,812,2.725099999224767,79839232,0.0,,x86_server
ML-DSA-65_sign,813,1.8935000116471201,79839232,0.0,,x86_server
ML-DSA-65_sign,814,3.1684999994467944,79839232,0.0,,x86_server
ML-DSA-65_sign,815,2.614799974253401,79839232,0.015625,,x86_server
ML-DSA-65_sign,816,2.6326999941375107,79839232,0.0,,x86_server
ML-DSA-65_sign,817,2.649700007168576,79839232,0.0,,x86_server
ML-DSA-65_sign,818,3.073799976846203,79839232,0.0,,x86_server
ML-DSA-65_sign,819,2.888900024117902,79839232,0.0,,x86_server
ML-DSA-65_sign,820,3.679000015836209,79839232,0.015625,,x86_server
ML-DSA-65_sign,821,2.059999998891726,79839232,0.0,,x86_server
ML-DSA-65_sign,822,3.179300023475662,79839232,0.0,,x86_server
ML-DSA-65_sign,823,2.0795000018551946,79839232,0.0,,x86_server
ML-DSA-65_sign,824,1.9631000177469105,79839232,0.0,,x86_server
ML-DSA-65_sign,825,2.063599997200072,79839232,0.0,,x86_server
ML-DSA-65_sign,826,2.1736999915447086,79839232,0.015625,,x86_server
ML-DSA-65_sign,827,1.9949999987147748,79839232,0.0,,x86_server
ML-DSA-65_sign,828,2.0260000019334257,79839232,0.0,,x86_server
ML-DSA-65_sign,829,2.365799999097362,79839232,0.0,,x86_server
ML-DSA-65_sign,830,2.6419000059831887,79839232,0.0,,x86_server
ML-DSA-65_sign,831,1.93349999608472,79839232,0.0,,x86_server
ML-DSA-65_sign,832,1.7796999891288579,79839232,0.0,,x86_server
ML-DSA-65_sign,833,2.442700002575293,79839232,0.0,,x86_server
ML-DSA-65_sign,834,1.8826999876182526,79839232,0.0,,x86_server
ML-DSA-65_sign,835,2.1966999920550734,79839232,0.0,,x86_server
ML-DSA-65_sign,836,2.2009000240359455,79839232,0.0,,x86_server
ML-DSA-65_sign,837,2.6234999822918326,79839232,0.0,,x86_server
ML-DSA-65_sign,838,2.1813999919686466,79839232,0.0,,x86_server
ML-DSA-65_sign,839,2.9935000056866556,79839232,0.015625,,x86_server
ML-DSA-65_sign,840,2.65060001402162,79839232,0.0,,x86_server
ML-DSA-65_sign,841,2.1751000022049993,79839232,0.0,,x86_server
ML-DSA-65_sign,842,2.2222000116016716,79839232,0.0,,x86_server
ML-DSA-65_sign,843,2.5889000098686665,79839232,0.0,,x86_server
ML-DSA-65_sign,844,1.9799000001512468,79843328,0.0,,x86_server
ML-DSA-65_sign,845,3.321600001072511,79843328,0.015625,,x86_server
ML-DSA-65_sign,846,2.2510999988298863,79843328,0.0,,x86_server
ML-DSA-65_sign,847,2.159299998311326,79843328,0.0,,x86_server
ML-DSA-65_sign,848,3.552900016075,79843328,0.0,,x86_server
ML-DSA-65_sign,849,2.2320999996736646,79843328,0.0,,x86_server
ML-DSA-65_sign,850,2.3794999870005995,79843328,0.0,,x86_server
ML-DSA-65_sign,851,3.2785000221338123,79843328,0.015625,,x86_server
ML-DSA-65_sign,852,1.9601999956648797,79843328,0.0,,x86_server
ML-DSA-65_sign,853,2.100299985613674,79843328,0.0,,x86_server
ML-DSA-65_sign,854,2.379699988523498,79843328,0.0,,x86_server
ML-DSA-65_sign,855,2.7581000176724046,79843328,0.0,,x86_server
ML-DSA-65_sign,856,2.871200005756691,79843328,0.015625,,x86_server
ML-DSA-65_sign,857,2.1108000073581934,79843328,0.0,,x86_server
ML-DSA-65_sign,858,2.281300025060773,79843328,0.0,,x86_server
ML-DSA-65_sign,859,3.9311000145971775,79843328,0.0,,x86_server
ML-DSA-65_sign,860,2.0558999967761338,79843328,0.0,,x86_server
ML-DSA-65_sign,861,2.2499000187963247,79843328,0.0,,x86_server
ML-DSA-65_sign,862,1.9554000173229724,79843328,0.015625,,x86_server
ML-DSA-65_sign,863,1.8807000014930964,79847424,0.0,,x86_server
ML-DSA-65_sign,864,2.661700011231005,79847424,0.0,,x86_server
ML-DSA-65_sign,865,2.184599987231195,79847424,0.0,,x86_server
ML-DSA-65_sign,866,2.351600007386878,79847424,0.0,,x86_server
ML-DSA-65_sign,867,2.1721000084653497,79847424,0.0,,x86_server
ML-DSA-65_sign,868,2.008500014198944,79847424,0.0,,x86_server
ML-DSA-65_sign,869,2.500400005374104,79847424,0.015625,,x86_server
ML-DSA-65_sign,870,2.136900002369657,79847424,0.0,,x86_server
ML-DSA-65_sign,871,1.9984000246040523,79847424,0.0,,x86_server
ML-DSA-65_sign,872,1.7841999942902476,79847424,0.0,,x86_server
ML-DSA-65_sign,873,2.4763000255916268,79847424,0.0,,x86_server
ML-DSA-65_sign,874,2.132900001015514,79847424,0.0,,x86_server
ML-DSA-65_sign,875,3.720899985637516,79855616,0.015625,,x86_server
ML-DSA-65_sign,876,2.3016999766696244,79855616,0.0,,x86_server
ML-DSA-65_sign,877,2.2988000127952546,79855616,0.0,,x86_server
ML-DSA-65_sign,878,2.620700019178912,79855616,0.0,,x86_server
ML-DSA-65_sign,879,1.9754999957513064,79855616,0.0,,x86_server
ML-DSA-65_sign,880,2.0579000120051205,79855616,0.0,,x86_server
ML-DSA-65_sign,881,2.045200002612546,79855616,0.0,,x86_server
ML-DSA-65_sign,882,2.0718000014312565,79855616,0.015625,,x86_server
ML-DSA-65_sign,883,3.0602999904658645,79859712,0.0,,x86_server
ML-DSA-65_sign,884,1.9960000063292682,79859712,0.0,,x86_server
ML-DSA-65_sign,885,2.280599990626797,79859712,0.0,,x86_server
ML-DSA-65_sign,886,2.1272999874781817,79859712,0.0,,x86_server
ML-DSA-65_sign,887,2.386199979810044,79859712,0.0,,x86_server
ML-DSA-65_sign,888,2.564199996413663,79859712,0.015625,,x86_server
ML-DSA-65_sign,889,2.355600008741021,79859712,0.0,,x86_server
ML-DSA-65_sign,890,2.722900011576712,79859712,0.0,,x86_server
ML-DSA-65_sign,891,1.8985000206157565,79859712,0.0,,x86_server
ML-DSA-65_sign,892,2.5984999956563115,79859712,0.0,,x86_server
ML-DSA-65_sign,893,1.9564999965950847,79859712,0.0,,x86_server
ML-DSA-65_sign,894,1.9160000083502382,79859712,0.015625,,x86_server
ML-DSA-65_sign,895,2.3182999866548926,79859712,0.0,,x86_server
ML-DSA-65_sign,896,2.1656999888364226,79859712,0.0,,x86_server
ML-DSA-65_sign,897,1.96460000006482,79859712,0.0,,x86_server
ML-DSA-65_sign,898,2.2735999955330044,79859712,0.0,,x86_server
ML-DSA-65_sign,899,2.07419999060221,79859712,0.0,,x86_server
ML-DSA-65_sign,900,2.2086999961175025,79859712,0.0,,x86_server
ML-DSA-65_sign,901,2.4124999763444066,79859712,0.015625,,x86_server
ML-DSA-65_sign,902,2.860100008547306,79863808,0.0,,x86_server
ML-DSA-65_sign,903,2.053100004559383,79863808,0.0,,x86_server
ML-DSA-65_sign,904,2.0834000024478883,79863808,0.0,,x86_server
ML-DSA-65_sign,905,2.580200001830235,79863808,0.0,,x86_server
ML-DSA-65_sign,906,2.573100005974993,79863808,0.0,,x86_server
ML-DSA-65_sign,907,2.3104000138118863,79863808,0.015625,,x86_server
ML-DSA-65_sign,908,2.5310000055469573,79863808,0.0,,x86_server
ML-DSA-65_sign,909,3.5915999906137586,79863808,0.0,,x86_server
ML-DSA-65_sign,910,1.9727000035345554,79863808,0.0,,x86_server
ML-DSA-65_sign,911,1.9078000041190535,79863808,0.0,,x86_server
ML-DSA-65_sign,912,1.9867999944835901,79863808,0.0,,x86_server
ML-DSA-65_sign,913,1.9518999906722456,79863808,0.0,,x86_server
ML-DSA-65_sign,914,2.3421999940183014,79863808,0.015625,,x86_server
ML-DSA-65_sign,915,2.65360000776127,79863808,0.0,,x86_server
ML-DSA-65_sign,916,2.3182999866548926,79863808,0.0,,x86_server
ML-DSA-65_sign,917,2.2664999996777624,79863808,0.0,,x86_server
ML-DSA-65_sign,918,2.0819999917875975,79863808,0.0,,x86_server
ML-DSA-65_sign,919,2.0302000048104674,79863808,0.0,,x86_server
ML-DSA-65_sign,920,2.3490999883506447,79863808,0.015625,,x86_server
ML-DSA-65_sign,921,3.4826000046450645,79863808,0.0,,x86_server
ML-DSA-65_sign,922,1.9751000218093395,79867904,0.0,,x86_server
ML-DSA-65_sign,923,2.3563000140711665,79867904,0.0,,x86_server
ML-DSA-65_sign,924,2.2002000187058,79867904,0.0,,x86_server
ML-DSA-65_sign,925,1.9677999953273684,79867904,0.0,,x86_server
ML-DSA-65_sign,926,2.350300026591867,79867904,0.015625,,x86_server
ML-DSA-65_sign,927,2.3483000113628805,79867904,0.0,,x86_server
ML-DSA-65_sign,928,1.872599998023361,79867904,0.0,,x86_server
ML-DSA-65_sign,929,2.467200014507398,79867904,0.0,,x86_server
ML-DSA-65_sign,930,2.368100016610697,79867904,0.0,,x86_server
ML-DSA-65_sign,931,1.9730000058189034,79867904,0.0,,x86_server
ML-DSA-65_sign,932,2.53800000064075,79867904,0.0,,x86_server
ML-DSA-65_sign,933,1.9228000019211322,79867904,0.015625,,x86_server
ML-DSA-65_sign,934,2.200299990363419,79867904,0.0,,x86_server
ML-DSA-65_sign,935,1.8976999854203314,79867904,0.0,,x86_server
ML-DSA-65_sign,936,2.0385000098031014,79872000,0.0,,x86_server
ML-DSA-65_sign,937,2.2760999854654074,79872000,0.0,,x86_server
ML-DSA-65_sign,938,2.0170999923720956,79872000,0.0,,x86_server
ML-DSA-65_sign,939,2.789099991787225,79872000,0.015625,,x86_server
ML-DSA-65_sign,940,2.0530000037979335,79872000,0.0,,x86_server
ML-DSA-65_sign,941,2.8737999964505434,79876096,0.0,,x86_server
ML-DSA-65_sign,942,1.9654999778140336,79876096,0.0,,x86_server
ML-DSA-65_sign,943,1.9383000035304576,79876096,0.0,,x86_server
ML-DSA-65_sign,944,2.07129999762401,79876096,0.0,,x86_server
ML-DSA-65_sign,945,2.367000008234754,79876096,0.0,,x86_server
ML-DSA-65_sign,946,1.9754999957513064,79876096,0.015625,,x86_server
ML-DSA-65_sign,947,2.0420000073499978,79876096,0.0,,x86_server
ML-DSA-65_sign,948,2.2732000215910375,79876096,0.0,,x86_server
ML-DSA-65_sign,949,3.729700023541227,79876096,0.0,,x86_server
ML-DSA-65_sign,950,2.693300019018352,79876096,0.0,,x86_server
ML-DSA-65_sign,951,2.5465000071562827,79876096,0.0,,x86_server
ML-DSA-65_sign,952,2.0484999986365438,79876096,0.015625,,x86_server
ML-DSA-65_sign,953,2.4344999983441085,79876096,0.0,,x86_server
ML-DSA-65_sign,954,2.7165000210516155,79876096,0.0,,x86_server
ML-DSA-65_sign,955,2.594399993540719,79876096,0.0,,x86_server
ML-DSA-65_sign,956,1.927000004798174,79876096,0.0,,x86_server
ML-DSA-65_sign,957,2.3273999977391213,79876096,0.0,,x86_server
ML-DSA-65_sign,958,3.2253999961540103,79876096,0.015625,,x86_server
ML-DSA-65_sign,959,1.9715999951586127,79876096,0.0,,x86_server
ML-DSA-65_sign,960,2.0970999903511256,79876096,0.0,,x86_server
ML-DSA-65_sign,961,2.512899984139949,79880192,0.0,,x86_server
ML-DSA-65_sign,962,3.4533000143710524,79880192,0.0,,x86_server
ML-DSA-65_sign,963,2.054000011412427,79880192,0.0,,x86_server
ML-DSA-65_sign,964,1.9552999874576926,79880192,0.015625,,x86_server
ML-DSA-65_sign,965,2.275200007716194,79880192,0.0,,x86_server
ML-DSA-65_sign,966,2.29939998826012,79880192,0.0,,x86_server
ML-DSA-65_sign,967,1.956999971298501,79880192,0.0,,x86_server
ML-DSA-65_sign,968,2.7082999877166003,79884288,0.0,,x86_server
ML-DSA-65_sign,969,3.4530999837443233,79884288,0.0,,x86_server
ML-DSA-65_sign,970,2.580100001068786,79884288,0.015625,,x86_server
ML-DSA-65_sign,971,2.0748999959323555,79884288,0.0,,x86_server
ML-DSA-65_sign,972,3.2053000177256763,79884288,0.0,,x86_server
ML-DSA-65_sign,973,2.0840000070165843,79884288,0.0,,x86_server
ML-DSA-65_sign,974,2.3515999782830477,79884288,0.0,,x86_server
ML-DSA-65_sign,975,2.079300000332296,79884288,0.0,,x86_server
ML-DSA-65_sign,976,2.1511999948415905,79884288,0.015625,,x86_server
ML-DSA-65_sign,977,2.5492999993730336,79884288,0.0,,x86_server
ML-DSA-65_sign,978,2.9156999953556806,79884288,0.0,,x86_server
ML-DSA-65_sign,979,2.1084999898448586,79884288,0.0,,x86_server
ML-DSA-65_sign,980,2.076599979773164,79888384,0.0,,x86_server
ML-DSA-65_sign,981,2.9420999926514924,79888384,0.0,,x86_server
ML-DSA-65_sign,982,2.184500015573576,79888384,0.015625,,x86_server
ML-DSA-65_sign,983,2.0277999865356833,79888384,0.0,,x86_server
ML-DSA-65_sign,984,2.021799999056384,79888384,0.0,,x86_server
ML-DSA-65_sign,985,2.30389999342151,79888384,0.0,,x86_server
ML-DSA-65_sign,986,2.0466999849304557,79888384,0.0,,x86_server
ML-DSA-65_sign,987,2.28610000340268,79888384,0.0,,x86_server
ML-DSA-65_sign,988,2.075299998978153,79888384,0.0,,x86_server
ML-DSA-65_sign,989,2.989000000525266,79888384,0.015625,,x86_server
ML-DSA-65_sign,990,3.6681999918073416,79888384,0.0,,x86_server
ML-DSA-65_sign,991,2.0508999878074974,79888384,0.0,,x86_server
ML-DSA-65_sign,992,2.6320999895688146,79888384,0.0,,x86_server
ML-DSA-65_sign,993,2.1615000150632113,79888384,0.0,,x86_server
ML-DSA-65_sign,994,2.2754999808967113,79888384,0.0,,x86_server
ML-DSA-65_sign,995,2.4498999991919845,79888384,0.015625,,x86_server
ML-DSA-65_sign,996,1.9922000064980239,79888384,0.0,,x86_server
ML-DSA-65_sign,997,1.964299997780472,79888384,0.0,,x86_server
ML-DSA-65_sign,998,2.3096000077202916,79888384,0.0,,x86_server
ML-DSA-65_sign,999,1.9957000040449202,79892480,0.0,,x86_server
ML-DSA-65_verify,0,1.0890999983530492,79896576,0.0,,x86_server
ML-DSA-65_verify,1,1.080799993360415,79896576,0.0,,x86_server
ML-DSA-65_verify,2,1.0794000118039548,79896576,0.0,,x86_server
ML-DSA-65_verify,3,1.0831999825313687,79896576,0.0,,x86_server
ML-DSA-65_verify,4,1.0864999785553664,79896576,0.015625,,x86_server
ML-DSA-65_verify,5,1.087599986931309,79896576,0.0,,x86_server
ML-DSA-65_verify,6,1.0834000131580979,79896576,0.0,,x86_server
ML-DSA-65_verify,7,1.095700019504875,79896576,0.0,,x86_server
ML-DSA-65_verify,8,1.1634000111371279,79896576,0.0,,x86_server
ML-DSA-65_verify,9,1.0831000108737499,79896576,0.0,,x86_server
ML-DSA-65_verify,10,1.0866000084206462,79896576,0.0,,x86_server
ML-DSA-65_verify,11,1.0814999986905605,79896576,0.0,,x86_server
ML-DSA-65_verify,12,1.049999991664663,79896576,0.0,,x86_server
ML-DSA-65_verify,13,1.105900009861216,79896576,0.0,,x86_server
ML-DSA-65_verify,14,1.0852999985218048,79896576,0.0,,x86_server
ML-DSA-65_verify,15,1.0857000015676022,79896576,0.0,,x86_server
ML-DSA-65_verify,16,1.0878000175580382,79896576,0.0,,x86_server
ML-DSA-65_verify,17,1.0823000047821552,79896576,0.015625,,x86_server
ML-DSA-65_verify,18,1.0673999786376953,79896576,0.0,,x86_server
ML-DSA-65_verify,19,1.0517000046093017,79896576,0.0,,x86_server
ML-DSA-65_verify,20,1.0798000148497522,79896576,0.0,,x86_server
ML-DSA-65_verify,21,1.0762000165414065,79896576,0.0,,x86_server
ML-DSA-65_verify,22,1.1549000046215951,79896576,0.0,,x86_server
ML-DSA-65_verify,23,1.1331000132486224,79896576,0.0,,x86_server
ML-DSA-65_verify,24,1.1593999806791544,79896576,0.0,,x86_server
ML-DSA-65_verify,25,1.0817000002134591,79896576,0.0,,x86_server
ML-DSA-65_verify,26,1.0808999941218644,79896576,0.0,,x86_server
ML-DSA-65_verify,27,1.084900024579838,79896576,0.0,,x86_server
ML-DSA-65_verify,28,1.0883999930229038,79896576,0.0,,x86_server
ML-DSA-65_verify,29,1.1639000149443746,79896576,0.015625,,x86_server
ML-DSA-65_verify,30,1.080199988791719,79896576,0.0,,x86_server
ML-DSA-65_verify,31,1.0963999957311898,79896576,0.0,,x86_server
ML-DSA-65_verify,32,1.160499989055097,79896576,0.0,,x86_server
ML-DSA-65_verify,33,1.103100017644465,79896576,0.0,,x86_server
ML-DSA-65_verify,34,1.0842999909073114,79896576,0.0,,x86_server
ML-DSA-65_verify,35,1.0852999985218048,79896576,0.0,,x86_server
ML-DSA-65_verify,36,1.0848999954760075,79896576,0.0,,x86_server
ML-DSA-65_verify,37,1.090999983716756,79896576,0.0,,x86_server
ML-DSA-65_verify,38,1.0813999979291111,79896576,0.0,,x86_server
ML-DSA-65_verify,39,1.0855000000447035,79896576,0.0,,x86_server
ML-DSA-65_verify,40,1.1329000117257237,79896576,0.0,,x86_server
ML-DSA-65_verify,41,1.123199996072799,79896576,0.0,,x86_server
ML-DSA-65_verify,42,1.0917999898083508,79900672,0.0,,x86_server
ML-DSA-65_verify,43,1.0928999981842935,79900672,0.0,,x86_server
ML-DSA-65_verify,44,1.0903000074904412,79900672,0.0,,x86_server
ML-DSA-65_verify,45,1.0909000120591372,79900672,0.0,,x86_server
ML-DSA-65_verify,46,1.0856000008061528,79900672,0.0,,x86_server
ML-DSA-65_verify,47,1.0856000008061528,79900672,0.0,,x86_server
ML-DSA-65_verify,48,1.0856000008061528,79900672,0.0,,x86_server
ML-DSA-65_verify,49,1.0837999871000648,79900672,0.0,,x86_server
ML-DSA-65_verify,50,1.0830999817699194,79900672,0.0,,x86_server
ML-DSA-65_verify,51,1.0865000076591969,79900672,0.0,,x86_server
ML-DSA-65_verify,52,1.0673000069800764,79900672,0.0,,x86_server
ML-DSA-65_verify,53,1.1051000037696213,79900672,0.0,,x86_server
ML-DSA-65_verify,54,1.0485000093467534,79900672,0.0,,x86_server
ML-DSA-65_verify,55,1.0734999959822744,79900672,0.015625,,x86_server
ML-DSA-65_verify,56,1.057000015862286,79900672,0.0,,x86_server
ML-DSA-65_verify,57,1.051200000802055,79900672,0.0,,x86_server
ML-DSA-65_verify,58,1.048199977958575,79900672,0.0,,x86_server
ML-DSA-65_verify,59,1.0977000056300312,79900672,0.0,,x86_server
ML-DSA-65_verify,60,1.0578999936114997,79900672,0.0,,x86_server
ML-DSA-65_verify,61,1.0912999860011041,79900672,0.0,,x86_server
ML-DSA-65_verify,62,1.0815999994520098,79900672,0.0,,x86_server
ML-DSA-65_verify,63,1.047199999447912,79900672,0.0,,x86_server
ML-DSA-65_verify,64,1.1001999955624342,79900672,0.0,,x86_server
ML-DSA-65_verify,65,1.0836999863386154,79900672,0.0,,x86_server
ML-DSA-65_verify,66,1.0810999956447631,79900672,0.0,,x86_server
ML-DSA-65_verify,67,1.0789000079967082,79900672,0.0,,x86_server
ML-DSA-65_verify,68,1.049300015438348,79900672,0.015625,,x86_server
ML-DSA-65_verify,69,1.0588000004645437,79900672,0.0,,x86_server
ML-DSA-65_verify,70,1.0851999977603555,79900672,0.0,,x86_server
ML-DSA-65_verify,71,1.1075999937020242,79900672,0.0,,x86_server
ML-DSA-65_verify,72,1.0651999909896404,79900672,0.0,,x86_server
ML-DSA-65_verify,73,1.0902999783866107,79900672,0.0,,x86_server
ML-DSA-65_verify,74,1.0891999991144985,79900672,0.0,,x86_server
ML-DSA-65_verify,75,1.0977000056300312,79900672,0.0,,x86_server
ML-DSA-65_verify,76,1.2049000069964677,79900672,0.0,,x86_server
ML-DSA-65_verify,77,1.0959000210277736,79900672,0.0,,x86_server
ML-DSA-65_verify,78,1.0889999975915998,79900672,0.0,,x86_server
ML-DSA-65_verify,79,1.1009000008925796,79900672,0.0,,x86_server
ML-DSA-65_verify,80,1.0985999833792448,79900672,0.015625,,x86_server
ML-DSA-65_verify,81,1.0896000021602958,79900672,0.0,,x86_server
ML-DSA-65_verify,82,1.063200004864484,79900672,0.0,,x86_server
ML-DSA-65_verify,83,1.0534000175539404,79900672,0.0,,x86_server
ML-DSA-65_verify,84,1.0504999954719096,79900672,0.0,,x86_server
ML-DSA-65_verify,85,1.0714999807532877,79900672,0.0,,x86_server
ML-DSA-65_verify,86,1.1638000141829252,79900672,0.0,,x86_server
ML-DSA-65_verify,87,1.0846999939531088,79900672,0.0,,x86_server
ML-DSA-65_verify,88,1.1557000107131898,79900672,0.0,,x86_server
ML-DSA-65_verify,89,1.1381999938748777,79900672,0.0,,x86_server
ML-DSA-65_verify,90,1.0824999772012234,79900672,0.0,,x86_server
ML-DSA-65_verify,91,1.0855000000447035,79900672,0.0,,x86_server
ML-DSA-65_verify,92,1.086399977793917,79900672,0.0,,x86_server
ML-DSA-65_verify,93,1.0839000169653445,79900672,0.015625,,x86_server
ML-DSA-65_verify,94,1.0870000114664435,79900672,0.0,,x86_server
ML-DSA-65_verify,95,1.0808000224642456,79900672,0.0,,x86_server
ML-DSA-65_verify,96,1.0842999909073114,79900672,0.0,,x86_server
ML-DSA-65_verify,97,1.0897000029217452,79900672,0.0,,x86_server
ML-DSA-65_verify,98,1.0837999871000648,79900672,0.0,,x86_server
ML-DSA-65_verify,99,1.086999982362613,79900672,0.0,,x86_server
ML-DSA-65_verify,100,1.087700016796589,79900672,0.0,,x86_server
ML-DSA-65_verify,101,1.0873999854084104,79900672,0.0,,x86_server
ML-DSA-65_verify,102,1.083299983292818,79900672,0.0,,x86_server
ML-DSA-65_verify,103,1.0480000055395067,79900672,0.0,,x86_server
ML-DSA-65_verify,104,1.051200000802055,79900672,0.0,,x86_server
ML-DSA-65_verify,105,1.0767000203486532,79900672,0.0,,x86_server
ML-DSA-65_verify,106,1.0936000035144389,79900672,0.015625,,x86_server
ML-DSA-65_verify,107,1.0821000032592565,79900672,0.0,,x86_server
ML-DSA-65_verify,108,1.0790000087581575,79900672,0.0,,x86_server
ML-DSA-65_verify,109,1.051500003086403,79900672,0.0,,x86_server
ML-DSA-65_verify,110,1.0891999991144985,79900672,0.0,,x86_server
ML-DSA-65_verify,111,1.05640001129359,79900672,0.0,,x86_server
ML-DSA-65_verify,112,1.0517000046093017,79900672,0.0,,x86_server
ML-DSA-65_verify,113,1.0980999795719981,79900672,0.0,,x86_server
ML-DSA-65_verify,114,1.0877999884542078,79900672,0.0,,x86_server
ML-DSA-65_verify,115,1.0705000022426248,79900672,0.0,,x86_server
ML-DSA-65_verify,116,1.0466999956406653,79900672,0.0,,x86_server
ML-DSA-65_verify,117,1.049399987095967,79900672,0.0,,x86_server
ML-DSA-65_verify,118,1.0832000116351992,79900672,0.0,,x86_server
ML-DSA-65_verify,119,1.0777999996207654,79900672,0.015625,,x86_server
ML-DSA-65_verify,120,1.0523000091779977,79900672,0.0,,x86_server
ML-DSA-65_verify,121,1.048700010869652,79900672,0.0,,x86_server
ML-DSA-65_verify,122,1.047199999447912,79900672,0.0,,x86_server
ML-DSA-65_verify,123,1.0513000015635043,79900672,0.0,,x86_server
ML-DSA-65_verify,124,1.0737999982666224,79900672,0.0,,x86_server
ML-DSA-65_verify,125,1.0732999944593757,79900672,0.0,,x86_server
ML-DSA-65_verify,126,1.1711999832186848,79900672,0.0,,x86_server
ML-DSA-65_verify,127,1.0540000221226364,79900672,0.0,,x86_server
ML-DSA-65_verify,128,0.9854999952949584,79900672,0.0,,x86_server
ML-DSA-65_verify,129,1.115499995648861,79900672,0.0,,x86_server
ML-DSA-65_verify,130,1.0700999991968274,79900672,0.0,,x86_server
ML-DSA-65_verify,131,1.0980000079143792,79900672,0.0,,x86_server
ML-DSA-65_verify,132,1.0652999917510897,79900672,0.0,,x86_server
ML-DSA-65_verify,133,1.0483000078238547,79900672,0.0,,x86_server
ML-DSA-65_verify,134,1.049399987095967,79900672,0.0,,x86_server
ML-DSA-65_verify,135,1.0975000041071326,79900672,0.0,,x86_server
ML-DSA-65_verify,136,1.0737999982666224,79900672,0.0,,x86_server
ML-DSA-65_verify,137,1.0526000114623457,79900672,0.0,,x86_server
ML-DSA-65_verify,138,1.0907000105362386,79900672,0.0,,x86_server
ML-DSA-65_verify,139,1.0685000161174685,79900672,0.0,,x86_server
ML-DSA-65_verify,140,1.0559000074863434,79900672,0.0,,x86_server
ML-DSA-65_verify,141,1.0895000013988465,79900672,0.0,,x86_server
ML-DSA-65_verify,142,1.0716999822761863,79900672,0.0,,x86_server
ML-DSA-65_verify,143,1.124100002925843,79900672,0.0,,x86_server
ML-DSA-65_verify,144,1.0566000128164887,79900672,0.015625,,x86_server
ML-DSA-65_verify,145,1.0551000013947487,79900672,0.0,,x86_server
ML-DSA-65_verify,146,1.057999994372949,79900672,0.0,,x86_server
ML-DSA-65_verify,147,1.0534000175539404,79900672,0.0,,x86_server
ML-DSA-65_verify,148,1.0995999909937382,79900672,0.0,,x86_server
ML-DSA-65_verify,149,1.073699997505173,79900672,0.0,,x86_server
ML-DSA-65_verify,150,0.9904000035021454,79900672,0.0,,x86_server
ML-DSA-65_verify,151,1.0864000068977475,79900672,0.0,,x86_server
ML-DSA-65_verify,152,1.0890999983530492,79900672,0.0,,x86_server
ML-DSA-65_verify,153,1.0838000162038952,79900672,0.0,,x86_server
ML-DSA-65_verify,154,1.0867000091820955,79900672,0.0,,x86_server
ML-DSA-65_verify,155,1.0869000107049942,79900672,0.0,,x86_server
ML-DSA-65_verify,156,1.0856000008061528,79900672,0.0,,x86_server
ML-DSA-65_verify,157,1.0886999953072518,79900672,0.0,,x86_server
ML-DSA-65_verify,158,1.0880999907385558,79900672,0.015625,,x86_server
ML-DSA-65_verify,159,1.0921999928541481,79900672,0.0,,x86_server
ML-DSA-65_verify,160,1.087700016796589,79900672,0.0,,x86_server
ML-DSA-65_verify,161,1.0822000040207058,79900672,0.0,,x86_server
ML-DSA-65_verify,162,1.0863000061362982,79900672,0.0,,x86_server
ML-DSA-65_verify,163,1.0879000183194876,79900672,0.0,,x86_server
ML-DSA-65_verify,164,1.0823000047821552,79900672,0.0,,x86_server
ML-DSA-65_verify,165,1.0820000024978071,79900672,0.0,,x86_server
ML-DSA-65_verify,166,1.0871000122278929,79900672,0.0,,x86_server
ML-DSA-65_verify,167,1.0932000004686415,79900672,0.0,,x86_server
ML-DSA-65_verify,168,1.092600025003776,79900672,0.0,,x86_server
ML-DSA-65_verify,169,1.0664000001270324,79900672,0.0,,x86_server
ML-DSA-65_verify,170,1.055200002156198,79900672,0.015625,,x86_server
ML-DSA-65_verify,171,1.0879999899771065,79900672,0.0,,x86_server
ML-DSA-65_verify,172,1.0851999977603555,79900672,0.0,,x86_server
ML-DSA-65_verify,173,1.0526000114623457,79900672,0.0,,x86_server
ML-DSA-65_verify,174,1.066299999365583,79900672,0.0,,x86_server
ML-DSA-65_verify,175,1.0944999812636524,79900672,0.0,,x86_server
ML-DSA-65_verify,176,1.0966999980155379,79900672,0.0,,x86_server
ML-DSA-65_verify,177,1.0522000084165484,79900672,0.0,,x86_server
ML-DSA-65_verify,178,1.0529999854043126,79900672,0.0,,x86_server
ML-DSA-65_verify,179,1.0640999826136976,79900672,0.0,,x86_server
ML-DSA-65_verify,180,1.0881000198423862,79900672,0.0,,x86_server
ML-DSA-65_verify,181,1.0731000220403075,79900672,0.0,,x86_server
ML-DSA-65_verify,182,1.0907000105362386,79900672,0.0,,x86_server
ML-DSA-65_verify,183,1.0506999969948083,79900672,0.015625,,x86_server
ML-DSA-65_verify,184,1.0984999826177955,79900672,0.0,,x86_server
ML-DSA-65_verify,185,1.0700999991968274,79900672,0.0,,x86_server
ML-DSA-65_verify,186,1.0506999969948083,79900672,0.0,,x86_server
ML-DSA-65_verify,187,1.055500004440546,79900672,0.0,,x86_server
ML-DSA-65_verify,188,1.0511000000406057,79900672,0.0,,x86_server
ML-DSA-65_verify,189,1.0488999832887203,79900672,0.0,,x86_server
ML-DSA-65_verify,190,1.0526999831199646,79900672,0.0,,x86_server
ML-DSA-65_verify,191,1.049999991664663,79900672,0.0,,x86_server
ML-DSA-65_verify,192,1.0960999934468418,79900672,0.0,,x86_server
ML-DSA-65_verify,193,1.0651999909896404,79900672,0.0,,x86_server
ML-DSA-65_verify,194,1.0631000041030347,79900672,0.0,,x86_server
ML-DSA-65_verify,195,1.0800000163726509,79900672,0.0,,x86_server
ML-DSA-65_verify,196,1.087299984646961,79900672,0.015625,,x86_server
ML-DSA-65_verify,197,1.0890999983530492,79900672,0.0,,x86_server
ML-DSA-65_verify,198,1.1155999964103103,79900672,0.0,,x86_server
ML-DSA-65_verify,199,1.2073999969288707,79900672,0.0,,x86_server
ML-DSA-65_verify,200,1.204400003189221,79900672,0.0,,x86_server
ML-DSA-65_verify,201,1.1196999985259026,79900672,0.0,,x86_server
ML-DSA-65_verify,202,1.0852999985218048,79900672,0.0,,x86_server
ML-DSA-65_verify,203,1.1683999910019338,79900672,0.0,,x86_server
ML-DSA-65_verify,204,1.1303999926894903,79900672,0.0,,x86_server
ML-DSA-65_verify,205,1.0879999899771065,79900672,0.0,,x86_server
ML-DSA-65_verify,206,1.0866000084206462,79900672,0.0,,x86_server
ML-DSA-65_verify,207,1.0840000177267939,79900672,0.0,,x86_server
ML-DSA-65_verify,208,1.0964999964926392,79900672,0.0,,x86_server
ML-DSA-65_verify,209,1.0885999945458025,79900672,0.015625,,x86_server
ML-DSA-65_verify,210,1.0858000023290515,79900672,0.0,,x86_server
ML-DSA-65_verify,211,1.0870999831240624,79900672,0.0,,x86_server
ML-DSA-65_verify,212,1.0896000021602958,79900672,0.0,,x86_server
ML-DSA-65_verify,213,1.083299983292818,79900672,0.0,,x86_server
ML-DSA-65_verify,214,1.115799997933209,79900672,0.0,,x86_server
ML-DSA-65_verify,215,1.0971000010613352,79900672,0.0,,x86_server
ML-DSA-65_verify,216,1.0965999972540885,79900672,0.0,,x86_server
ML-DSA-65_verify,217,1.0790000087581575,79900672,0.0,,x86_server
ML-DSA-65_verify,218,1.057099987519905,79900672,0.0,,x86_server
ML-DSA-65_verify,219,1.0793000110425055,79900672,0.0,,x86_server
ML-DSA-65_verify,220,1.0970000002998859,79900672,0.0,,x86_server
ML-DSA-65_verify,221,1.0516999755054712,79900672,0.015625,,x86_server
ML-DSA-65_verify,222,1.052499981597066,79900672,0.0,,x86_server
ML-DSA-65_verify,223,1.0509999992791563,79900672,0.0,,x86_server
ML-DSA-65_verify,224,1.1103000142611563,79900672,0.0,,x86_server
ML-DSA-65_verify,225,1.1018000077456236,79900672,0.0,,x86_server
ML-DSA-65_verify,226,1.0544999968260527,79900672,0.0,,x86_server
ML-DSA-65_verify,227,1.0679999832063913,79900672,0.0,,x86_server
ML-DSA-65_verify,228,1.1035000206902623,79900672,0.0,,x86_server
ML-DSA-65_verify,229,1.0729999921750277,79900672,0.0,,x86_server
ML-DSA-65_verify,230,1.0834999848157167,79900672,0.0,,x86_server
ML-DSA-65_verify,231,1.0891999991144985,79900672,0.0,,x86_server
ML-DSA-65_verify,232,1.0754999821074307,79900672,0.0,,x86_server
ML-DSA-65_verify,233,1.0659000254236162,79900672,0.0,,x86_server
ML-DSA-65_verify,234,1.014399982523173,79900672,0.015625,,x86_server
ML-DSA-65_verify,235,0.9870000067166984,79900672,0.0,,x86_server
ML-DSA-65_verify,236,1.0432999988552183,79900672,0.0,,x86_server
ML-DSA-65_verify,237,1.0946000111289322,79900672,0.0,,x86_server
ML-DSA-65_verify,238,1.049099984811619,79900672,0.0,,x86_server
ML-DSA-65_verify,239,1.0464999941177666,79900672,0.0,,x86_server
ML-DSA-65_verify,240,1.050899998517707,79900672,0.0,,x86_server
ML-DSA-65_verify,241,1.0932000004686415,79900672,0.0,,x86_server
ML-DSA-65_verify,242,1.097499975003302,79900672,0.0,,x86_server
ML-DSA-65_verify,243,1.0523000091779977,79900672,0.0,,x86_server
ML-DSA-65_verify,244,1.048199977958575,79900672,0.0,,x86_server
ML-DSA-65_verify,245,1.09790000715293,79900672,0.0,,x86_server
ML-DSA-65_verify,246,1.0724000167101622,79900672,0.0,,x86_server
ML-DSA-65_verify,247,1.0529000137466937,79900672,0.015625,,x86_server
ML-DSA-65_verify,248,1.0755000112112612,79900672,0.0,,x86_server
ML-DSA-65_verify,249,1.0978000063914806,79900672,0.0,,x86_server
ML-DSA-65_verify,250,1.0766000195872039,79900672,0.0,,x86_server
ML-DSA-65_verify,251,1.05189997702837,79900672,0.0,,x86_server
ML-DSA-65_verify,252,1.0741000005509704,79900672,0.0,,x86_server
ML-DSA-65_verify,253,1.0838000162038952,79900672,0.0,,x86_server
ML-DSA-65_verify,254,1.087299984646961,79900672,0.0,,x86_server
ML-DSA-65_verify,255,1.053699990734458,79900672,0.0,,x86_server
ML-DSA-65_verify,256,1.0541999945417047,79900672,0.0,,x86_server
ML-DSA-65_verify,257,1.0809999948833138,79900672,0.0,,x86_server
ML-DSA-65_verify,258,1.1211999808438122,79900672,0.0,,x86_server
ML-DSA-65_verify,259,1.0817000002134591,79900672,0.0,,x86_server
ML-DSA-65_verify,260,1.0852999985218048,79900672,0.015625,,x86_server
ML-DSA-65_verify,261,1.0936000035144389,79900672,0.0,,x86_server
ML-DSA-65_verify,262,1.0889999975915998,79900672,0.0,,x86_server
ML-DSA-65_verify,263,1.0862000053748488,79900672,0.0,,x86_server
ML-DSA-65_verify,264,1.0836999863386154,79900672,0.0,,x86_server
ML-DSA-65_verify,265,1.1668000079225749,79900672,0.0,,x86_server
ML-DSA-65_verify,266,1.1712000123225152,79900672,0.0,,x86_server
ML-DSA-65_verify,267,1.1639000149443746,79900672,0.0,,x86_server
ML-DSA-65_verify,268,1.1644999904092401,79900672,0.0,,x86_server
ML-DSA-65_verify,269,1.1644000187516212,79900672,0.0,,x86_server
ML-DSA-65_verify,270,1.1685999925248325,79900672,0.0,,x86_server
ML-DSA-65_verify,271,1.1735999723896384,79900672,0.0,,x86_server
ML-DSA-65_verify,272,1.0853999992832541,79900672,0.015625,,x86_server
ML-DSA-65_verify,273,1.1149000201839954,79900672,0.0,,x86_server
ML-DSA-65_verify,274,1.0892999998759478,79900672,0.0,,x86_server
ML-DSA-65_verify,275,1.0858000023290515,79900672,0.0,,x86_server
ML-DSA-65_verify,276,1.1860000086016953,79900672,0.0,,x86_server
ML-DSA-65_verify,277,1.1184999893885106,79900672,0.0,,x86_server
ML-DSA-65_verify,278,1.0874999861698598,79900672,0.0,,x86_server
ML-DSA-65_verify,279,1.0935000027529895,79900672,0.0,,x86_server
ML-DSA-65_verify,280,1.076499989721924,79900672,0.0,,x86_server
ML-DSA-65_verify,281,1.131199998781085,79900672,0.0,,x86_server
ML-DSA-65_verify,282,1.1292999843135476,79900672,0.0,,x86_server
ML-DSA-65_verify,283,1.0872000129893422,79900672,0.0,,x86_server
ML-DSA-65_verify,284,1.1270999966654927,79900672,0.0,,x86_server
ML-DSA-65_verify,285,1.127199997426942,79900672,0.015625,,x86_server
ML-DSA-65_verify,286,1.086399977793917,79900672,0.0,,x86_server
ML-DSA-65_verify,287,1.0834000131580979,79900672,0.0,,x86_server
ML-DSA-65_verify,288,1.0869000107049942,79900672,0.0,,x86_server
ML-DSA-65_verify,289,1.0917999898083508,79900672,0.0,,x86_server
ML-DSA-65_verify,290,1.0836999863386154,79900672,0.0,,x86_server
ML-DSA-65_verify,291,1.0902000067289919,79900672,0.0,,x86_server
ML-DSA-65_verify,292,1.0880999907385558,79900672,0.0,,x86_server
ML-DSA-65_verify,293,1.0885000228881836,79900672,0.0,,x86_server
ML-DSA-65_verify,294,1.0871999838855118,79900672,0.0,,x86_server
ML-DSA-65_verify,295,1.0912999860011041,79900672,0.0,,x86_server
ML-DSA-65_verify,296,1.0909000120591372,79900672,0.0,,x86_server
ML-DSA-65_verify,297,1.0951999865937978,79900672,0.0,,x86_server
ML-DSA-65_verify,298,1.0946999827865511,79900672,0.015625,,x86_server
ML-DSA-65_verify,299,1.0831000108737499,79900672,0.0,,x86_server
ML-DSA-65_verify,300,1.1098000104539096,79900672,0.0,,x86_server
ML-DSA-65_verify,301,1.0878999892156571,79900672,0.0,,x86_server
ML-DSA-65_verify,302,1.086099975509569,79900672,0.0,,x86_server
ML-DSA-65_verify,303,1.0891999991144985,79900672,0.0,,x86_server
ML-DSA-65_verify,304,1.0878000175580382,79900672,0.0,,x86_server
ML-DSA-65_verify,305,1.0968999995384365,79900672,0.0,,x86_server
ML-DSA-65_verify,306,1.0866000084206462,79900672,0.0,,x86_server
ML-DSA-65_verify,307,1.0883999930229038,79900672,0.0,,x86_server
ML-DSA-65_verify,308,1.0850000253412873,79900672,0.0,,x86_server
ML-DSA-65_verify,309,1.0956000187434256,79900672,0.0,,x86_server
ML-DSA-65_verify,310,1.0883999930229038,79900672,0.015625,,x86_server
ML-DSA-65_verify,311,1.0841000184882432,79900672,0.0,,x86_server
ML-DSA-65_verify,312,1.088000019080937,79900672,0.0,,x86_server
ML-DSA-65_verify,313,1.1195000261068344,79900672,0.0,,x86_server
ML-DSA-65_verify,314,1.0928999981842935,79900672,0.0,,x86_server
ML-DSA-65_verify,315,1.0534999892115593,79900672,0.0,,x86_server
ML-DSA-65_verify,316,1.0560999799054116,79900672,0.0,,x86_server
ML-DSA-65_verify,317,1.0491000139154494,79900672,0.0,,x86_server
ML-DSA-65_verify,318,1.1023999832104892,79900672,0.0,,x86_server
ML-DSA-65_verify,319,1.0541999945417047,79900672,0.0,,x86_server
ML-DSA-65_verify,320,1.051500003086403,79900672,0.0,,x86_server
ML-DSA-65_verify,321,1.0491000139154494,79900672,0.0,,x86_server
ML-DSA-65_verify,322,1.1044999992009252,79900672,0.0,,x86_server
ML-DSA-65_verify,323,1.113600010285154,79900672,0.0,,x86_server
ML-DSA-65_verify,324,1.0878000175580382,79900672,0.0,,x86_server
ML-DSA-65_verify,325,1.113300008000806,79900672,0.0,,x86_server
ML-DSA-65_verify,326,1.0879999899771065,79900672,0.0,,x86_server
ML-DSA-65_verify,327,1.0891999991144985,79900672,0.0,,x86_server
ML-DSA-65_verify,328,1.0865000076591969,79900672,0.0,,x86_server
ML-DSA-65_verify,329,1.0849999962374568,79900672,0.0,,x86_server
ML-DSA-65_verify,330,1.1515000078361481,79900672,0.0,,x86_server
ML-DSA-65_verify,331,1.1169999779667705,79900672,0.0,,x86_server
ML-DSA-65_verify,332,1.0875000152736902,79900672,0.0,,x86_server
ML-DSA-65_verify,333,1.0900000052060932,79900672,0.0,,x86_server
ML-DSA-65_verify,334,1.0848999954760075,79900672,0.0,,x86_server
ML-DSA-65_verify,335,1.0853999992832541,79900672,0.015625,,x86_server
ML-DSA-65_verify,336,1.0896000021602958,79900672,0.0,,x86_server
ML-DSA-65_verify,337,1.0511000000406057,79900672,0.0,,x86_server
ML-DSA-65_verify,338,1.0791000095196068,79900672,0.0,,x86_server
ML-DSA-65_verify,339,1.0847000230569392,79900672,0.0,,x86_server
ML-DSA-65_verify,340,1.0834000131580979,79900672,0.0,,x86_server
ML-DSA-65_verify,341,1.0507999977562577,79900672,0.0,,x86_server
ML-DSA-65_verify,342,1.0984999826177955,79900672,0.0,,x86_server
ML-DSA-65_verify,343,1.0720000136643648,79900672,0.0,,x86_server
ML-DSA-65_verify,344,1.0477000032551587,79900672,0.0,,x86_server
ML-DSA-65_verify,345,1.0918999905698001,79900672,0.0,,x86_server
ML-DSA-65_verify,346,1.0939000057987869,79900672,0.0,,x86_server
ML-DSA-65_verify,347,1.0891999991144985,79900672,0.0,,x86_server
ML-DSA-65_verify,348,1.0670000046957284,79900672,0.015625,,x86_server
ML-DSA-65_verify,349,1.0966999980155379,79900672,0.0,,x86_server
ML-DSA-65_verify,350,1.1280999751761556,79900672,0.0,,x86_server
ML-DSA-65_verify,351,1.0833999840542674,79900672,0.0,,x86_server
ML-DSA-65_verify,352,1.0513000015635043,79900672,0.0,,x86_server
ML-DSA-65_verify,353,1.048799982527271,79900672,0.0,,x86_server
ML-DSA-65_verify,354,1.0881999915000051,79900672,0.0,,x86_server
ML-DSA-65_verify,355,1.0929999989457428,79900672,0.0,,x86_server
ML-DSA-65_verify,356,1.0500999924261123,79900672,0.0,,x86_server
ML-DSA-65_verify,357,1.0531000152695924,79900672,0.0,,x86_server
ML-DSA-65_verify,358,1.0513000015635043,79900672,0.0,,x86_server
ML-DSA-65_verify,359,1.1029999877791852,79900672,0.0,,x86_server
ML-DSA-65_verify,360,1.0537999914959073,79900672,0.0,,x86_server
ML-DSA-65_verify,361,1.0517000046093017,79900672,0.015625,,x86_server
ML-DSA-65_verify,362,1.0540999937802553,79900672,0.0,,x86_server
ML-DSA-65_verify,363,1.0954999888781458,79900672,0.0,,x86_server
ML-DSA-65_verify,364,1.048100006300956,79900672,0.0,,x86_server
ML-DSA-65_verify,365,1.0871000122278929,79900672,0.0,,x86_server
ML-DSA-65_verify,366,1.215800002682954,79900672,0.0,,x86_server
ML-DSA-65_verify,367,1.0944999812636524,79900672,0.0,,x86_server
ML-DSA-65_verify,368,1.0790999804157764,79900672,0.0,,x86_server
ML-DSA-65_verify,369,1.0834999848157167,79900672,0.0,,x86_server
ML-DSA-65_verify,370,1.0925000242423266,79900672,0.0,,x86_server
ML-DSA-65_verify,371,1.1444000119809061,79900672,0.0,,x86_server
ML-DSA-65_verify,372,1.1659999727271497,79900672,0.0,,x86_server
ML-DSA-65_verify,373,1.1051000037696213,79900672,0.015625,,x86_server
ML-DSA-65_verify,374,1.0955999896395952,79900672,0.0,,x86_server
ML-DSA-65_verify,375,1.0934000019915402,79900672,0.0,,x86_server
ML-DSA-65_verify,376,1.0850999969989061,79900672,0.0,,x86_server
ML-DSA-65_verify,377,1.0862000053748488,79900672,0.0,,x86_server
ML-DSA-65_verify,378,1.1038000229746103,79900672,0.0,,x86_server
ML-DSA-65_verify,379,1.0924999951384962,79900672,0.0,,x86_server
ML-DSA-65_verify,380,1.1746999807655811,79900672,0.0,,x86_server
ML-DSA-65_verify,381,1.0834999848157167,79900672,0.0,,x86_server
ML-DSA-65_verify,382,1.0824999772012234,79900672,0.0,,x86_server
ML-DSA-65_verify,383,1.0858999739866704,79900672,0.0,,x86_server
ML-DSA-65_verify,384,1.0537999914959073,79900672,0.0,,x86_server
ML-DSA-65_verify,385,1.0525999823585153,79900672,0.0,,x86_server
ML-DSA-65_verify,386,1.1044999992009252,79900672,0.015625,,x86_server
ML-DSA-65_verify,387,1.0877999884542078,79900672,0.0,,x86_server
ML-DSA-65_verify,388,1.0898000036831945,79900672,0.0,,x86_server
ML-DSA-65_verify,389,1.0853999992832541,79900672,0.0,,x86_server
ML-DSA-65_verify,390,1.0546999983489513,79900672,0.0,,x86_server
ML-DSA-65_verify,391,1.0896000021602958,79900672,0.0,,x86_server
ML-DSA-65_verify,392,1.0551000013947487,79900672,0.0,,x86_server
ML-DSA-65_verify,393,1.0888999968301505,79900672,0.0,,x86_server
ML-DSA-65_verify,394,1.1215999838896096,79900672,0.0,,x86_server
ML-DSA-65_verify,395,1.0950000141747296,79900672,0.0,,x86_server
ML-DSA-65_verify,396,1.0895000013988465,79900672,0.0,,x86_server
ML-DSA-65_verify,397,1.0875000152736902,79900672,0.0,,x86_server
ML-DSA-65_verify,398,1.0705000022426248,79900672,0.0,,x86_server
ML-DSA-65_verify,399,1.1048000014852732,79900672,0.015625,,x86_server
ML-DSA-65_verify,400,1.0783000034280121,79900672,0.0,,x86_server
ML-DSA-65_verify,401,1.0575999913271517,79900672,0.0,,x86_server
ML-DSA-65_verify,402,1.0563999821897596,79900672,0.0,,x86_server
ML-DSA-65_verify,403,1.1021000100299716,79900672,0.0,,x86_server
ML-DSA-65_verify,404,1.0920999920926988,79900672,0.0,,x86_server
ML-DSA-65_verify,405,1.0822000040207058,79900672,0.0,,x86_server
ML-DSA-65_verify,406,1.0577999928500503,79900672,0.0,,x86_server
ML-DSA-65_verify,407,1.0925999958999455,79900672,0.0,,x86_server
ML-DSA-65_verify,408,1.0879999899771065,79900672,0.0,,x86_server
ML-DSA-65_verify,409,1.0846999939531088,79900672,0.0,,x86_server
ML-DSA-65_verify,410,1.0885999945458025,79900672,0.0,,x86_server
ML-DSA-65_verify,411,1.0946000111289322,79900672,0.015625,,x86_server
ML-DSA-65_verify,412,1.0903000074904412,79900672,0.0,,x86_server
ML-DSA-65_verify,413,1.0904999799095094,79900672,0.0,,x86_server
ML-DSA-65_verify,414,1.0874999861698598,79900672,0.0,,x86_server
ML-DSA-65_verify,415,1.0934000019915402,79900672,0.0,,x86_server
ML-DSA-65_verify,416,1.0872000129893422,79900672,0.0,,x86_server
ML-DSA-65_verify,417,1.0721000144258142,79900672,0.0,,x86_server
ML-DSA-65_verify,418,1.0572000173851848,79900672,0.0,,x86_server
ML-DSA-65_verify,419,1.062600000295788,79900672,0.0,,x86_server
ML-DSA-65_verify,420,1.0994999902322888,79900672,0.0,,x86_server
ML-DSA-65_verify,421,1.0900000052060932,79900672,0.0,,x86_server
ML-DSA-65_verify,422,1.0852999985218048,79900672,0.0,,x86_server
ML-DSA-65_verify,423,1.0789000079967082,79900672,0.0,,x86_server
ML-DSA-65_verify,424,1.0646999871823937,79900672,0.015625,,x86_server
ML-DSA-65_verify,425,0.9956000139936805,79900672,0.0,,x86_server
ML-DSA-65_verify,426,0.9904000035021454,79900672,0.0,,x86_server
ML-DSA-65_verify,427,0.9969999955501407,79900672,0.0,,x86_server
ML-DSA-65_verify,428,1.0593000042717904,79900672,0.0,,x86_server
ML-DSA-65_verify,429,1.1056999792344868,79900672,0.0,,x86_server
ML-DSA-65_verify,430,1.1082999990321696,79900672,0.0,,x86_server
ML-DSA-65_verify,431,1.0907000105362386,79900672,0.0,,x86_server
ML-DSA-65_verify,432,1.094200008083135,79900672,0.0,,x86_server
ML-DSA-65_verify,433,1.0779000003822148,79900672,0.0,,x86_server
ML-DSA-65_verify,434,1.0574999905657023,79900672,0.0,,x86_server
ML-DSA-65_verify,435,1.0568999859970063,79900672,0.0,,x86_server
ML-DSA-65_verify,436,1.0608999873511493,79900672,0.0,,x86_server
ML-DSA-65_verify,437,1.0583999974187464,79900672,0.0,,x86_server
ML-DSA-65_verify,438,1.0532000160310417,79900672,0.015625,,x86_server
ML-DSA-65_verify,439,1.0565000120550394,79900672,0.0,,x86_server
ML-DSA-65_verify,440,1.103400019928813,79900672,0.0,,x86_server
ML-DSA-65_verify,441,1.0544999968260527,79900672,0.0,,x86_server
ML-DSA-65_verify,442,1.0514000023249537,79900672,0.0,,x86_server
ML-DSA-65_verify,443,1.0542000236455351,79900672,0.0,,x86_server
ML-DSA-65_verify,444,1.0640999826136976,79900672,0.0,,x86_server
ML-DSA-65_verify,445,1.1012000031769276,79900672,0.0,,x86_server
ML-DSA-65_verify,446,1.070600003004074,79900672,0.0,,x86_server
ML-DSA-65_verify,447,1.0874999861698598,79900672,0.0,,x86_server
ML-DSA-65_verify,448,1.101300003938377,79900672,0.0,,x86_server
ML-DSA-65_verify,449,1.0341999877709895,79900672,0.0,,x86_server
ML-DSA-65_verify,450,1.0588000004645437,79900672,0.0,,x86_server
ML-DSA-65_verify,451,1.0600000096019357,79900672,0.015625,,x86_server
ML-DSA-65_verify,452,1.0655999940354377,79900672,0.0,,x86_server
ML-DSA-65_verify,453,1.0831000108737499,79900672,0.0,,x86_server
ML-DSA-65_verify,454,1.0817000002134591,79900672,0.0,,x86_server
ML-DSA-65_verify,455,1.0474000009708107,79900672,0.0,,x86_server
ML-DSA-65_verify,456,1.0488000116311014,79900672,0.0,,x86_server
ML-DSA-65_verify,457,1.0844999924302101,79900672,0.0,,x86_server
ML-DSA-65_verify,458,1.0513999732211232,79900672,0.0,,x86_server
ML-DSA-65_verify,459,1.0541000228840858,79900672,0.0,,x86_server
ML-DSA-65_verify,460,1.0565000120550394,79900672,0.0,,x86_server
ML-DSA-65_verify,461,1.0571000166237354,79900672,0.0,,x86_server
ML-DSA-65_verify,462,1.0973000025842339,79900672,0.0,,x86_server
ML-DSA-65_verify,463,1.0708000045269728,79900672,0.015625,,x86_server
ML-DSA-65_verify,464,1.0917999898083508,79900672,0.0,,x86_server
ML-DSA-65_verify,465,1.0429999965708703,79900672,0.0,,x86_server
ML-DSA-65_verify,466,1.0365999769419432,79900672,0.0,,x86_server
ML-DSA-65_verify,467,0.9885999897960573,79900672,0.0,,x86_server
ML-DSA-65_verify,468,0.9906000050250441,79900672,0.0,,x86_server
ML-DSA-65_verify,469,1.0169000015594065,79900672,0.0,,x86_server
ML-DSA-65_verify,470,1.319299975875765,79900672,0.0,,x86_server
ML-DSA-65_verify,471,3.5490999871399254,79900672,0.0,,x86_server
ML-DSA-65_verify,472,2.7206999948248267,79900672,0.015625,,x86_server
ML-DSA-65_verify,473,2.4108999932650477,79900672,0.0,,x86_server
ML-DSA-65_verify,474,2.3674000112805516,79900672,0.0,,x86_server
ML-DSA-65_verify,475,2.3871000157669187,79900672,0.0,,x86_server
ML-DSA-65_verify,476,1.1028999870177358,79900672,0.0,,x86_server
ML-DSA-65_verify,477,1.091100013582036,79900672,0.0,,x86_server
ML-DSA-65_verify,478,1.0962999949697405,79900672,0.0,,x86_server
ML-DSA-65_verify,479,1.0912000143434852,79900672,0.0,,x86_server
ML-DSA-65_verify,480,1.091400015866384,79900672,0.0,,x86_server
ML-DSA-65_verify,481,1.0890999983530492,79900672,0.0,,x86_server
ML-DSA-65_verify,482,1.0888999968301505,79900672,0.015625,,x86_server
ML-DSA-65_verify,483,1.0897000029217452,79900672,0.0,,x86_server
ML-DSA-65_verify,484,1.088000019080937,79900672,0.0,,x86_server
ML-DSA-65_verify,485,1.0896999738179147,79900672,0.0,,x86_server
ML-DSA-65_verify,486,1.0953999881166965,79900672,0.0,,x86_server
ML-DSA-65_verify,487,1.0987999849021435,79900672,0.0,,x86_server
ML-DSA-65_verify,488,1.0899000044446439,79900672,0.0,,x86_server
ML-DSA-65_verify,489,1.098200009437278,79900672,0.0,,x86_server
ML-DSA-65_verify,490,1.0913999867625535,79900672,0.0,,x86_server
ML-DSA-65_verify,491,1.0885000228881836,79900672,0.0,,x86_server
ML-DSA-65_verify,492,1.0792000102810562,79900672,0.0,,x86_server
ML-DSA-65_verify,493,1.0568000143393874,79900672,0.0,,x86_server
ML-DSA-65_verify,494,1.0867000091820955,79900672,0.015625,,x86_server
ML-DSA-65_verify,495,1.094800012651831,79900672,0.0,,x86_server
ML-DSA-65_verify,496,1.050299993949011,79900672,0.0,,x86_server
ML-DSA-65_verify,497,1.0857000015676022,79900672,0.0,,x86_server
ML-DSA-65_verify,498,1.0865000076591969,79900672,0.0,,x86_server
ML-DSA-65_verify,499,1.0936000035144389,79900672,0.0,,x86_server
ML-DSA-65_verify,500,1.0890999983530492,79900672,0.0,,x86_server
ML-DSA-65_verify,501,1.0880999907385558,79900672,0.0,,x86_server
ML-DSA-65_verify,502,1.0509999992791563,79900672,0.0,,x86_server
ML-DSA-65_verify,503,1.1034999915864319,79900672,0.0,,x86_server
ML-DSA-65_verify,504,1.0896000021602958,79900672,0.0,,x86_server
ML-DSA-65_verify,505,1.0525000107008964,79900672,0.0,,x86_server
ML-DSA-65_verify,506,1.0851999977603555,79900672,0.0,,x86_server
ML-DSA-65_verify,507,1.1097000096924603,79900672,0.015625,,x86_server
ML-DSA-65_verify,508,1.0925999958999455,79900672,0.0,,x86_server
ML-DSA-65_verify,509,1.0974000033456832,79900672,0.0,,x86_server
ML-DSA-65_verify,510,1.0914999875240028,79900672,0.0,,x86_server
ML-DSA-65_verify,511,1.0920999920926988,79900672,0.0,,x86_server
ML-DSA-65_verify,512,1.0849999962374568,79900672,0.0,,x86_server
ML-DSA-65_verify,513,1.0870999831240624,79900672,0.0,,x86_server
ML-DSA-65_verify,514,1.10680001671426,79900672,0.0,,x86_server
ML-DSA-65_verify,515,1.0857000015676022,79900672,0.0,,x86_server
ML-DSA-65_verify,516,1.0828999802470207,79900672,0.0,,x86_server
ML-DSA-65_verify,517,1.0882999922614545,79900672,0.0,,x86_server
ML-DSA-65_verify,518,1.0874000145122409,79900672,0.0,,x86_server
ML-DSA-65_verify,519,1.1011000024154782,79900672,0.015625,,x86_server
ML-DSA-65_verify,520,1.0873000137507915,79900672,0.0,,x86_server
ML-DSA-65_verify,521,1.0890999983530492,79900672,0.0,,x86_server
ML-DSA-65_verify,522,1.0873999854084104,79900672,0.0,,x86_server
ML-DSA-65_verify,523,1.0859000030905008,79900672,0.0,,x86_server
ML-DSA-65_verify,524,1.058900001225993,79900672,0.0,,x86_server
ML-DSA-65_verify,525,1.0583999974187464,79900672,0.0,,x86_server
ML-DSA-65_verify,526,1.0556000052019954,79900672,0.0,,x86_server
ML-DSA-65_verify,527,1.0966999980155379,79900672,0.0,,x86_server
ML-DSA-65_verify,528,1.092600025003776,79900672,0.0,,x86_server
ML-DSA-65_verify,529,1.0944000096060336,79900672,0.0,,x86_server
ML-DSA-65_verify,530,1.0965999972540885,79900672,0.0,,x86_server
ML-DSA-65_verify,531,1.0878999892156571,79900672,0.0,,x86_server
ML-DSA-65_verify,532,1.061099988874048,79900672,0.0,,x86_server
ML-DSA-65_verify,533,1.0590000019874424,79900672,0.015625,,x86_server
ML-DSA-65_verify,534,1.055500004440546,79900672,0.0,,x86_server
ML-DSA-65_verify,535,1.1192999954801053,79900672,0.0,,x86_server
ML-DSA-65_verify,536,1.0963999957311898,79900672,0.0,,x86_server
ML-DSA-65_verify,537,1.0583999974187464,79900672,0.0,,x86_server
ML-DSA-65_verify,538,1.0878000175580382,79900672,0.0,,x86_server
ML-DSA-65_verify,539,1.0972000018227845,79900672,0.0,,x86_server
ML-DSA-65_verify,540,1.088600023649633,79900672,0.0,,x86_server
ML-DSA-65_verify,541,1.0575999913271517,79900672,0.0,,x86_server
ML-DSA-65_verify,542,1.0949000134132802,79900672,0.0,,x86_server
ML-DSA-65_verify,543,1.102500013075769,79900672,0.0,,x86_server
ML-DSA-65_verify,544,1.0553000029176474,79900672,0.0,,x86_server
ML-DSA-65_verify,545,1.0571999882813543,79900672,0.015625,,x86_server
ML-DSA-65_verify,546,1.0538999922573566,79900672,0.0,,x86_server
ML-DSA-65_verify,547,1.0981000086758286,79900672,0.0,,x86_server
ML-DSA-65_verify,548,1.0871000122278929,79900672,0.0,,x86_server
ML-DSA-65_verify,549,1.0731000220403075,79900672,0.0,,x86_server
ML-DSA-65_verify,550,1.0624999995343387,79900672,0.0,,x86_server
ML-DSA-65_verify,551,1.0972000018227845,79900672,0.0,,x86_server
ML-DSA-65_verify,552,1.0621000255923718,79900672,0.0,,x86_server
ML-DSA-65_verify,553,1.052100007655099,79900672,0.0,,x86_server
ML-DSA-65_verify,554,1.055200002156198,79900672,0.0,,x86_server
ML-DSA-65_verify,555,1.0775999980978668,79900672,0.0,,x86_server
ML-DSA-65_verify,556,1.0932000004686415,79900672,0.0,,x86_server
ML-DSA-65_verify,557,1.051800005370751,79900672,0.0,,x86_server
ML-DSA-65_verify,558,1.0525999823585153,79900672,0.0,,x86_server
ML-DSA-65_verify,559,1.0631000041030347,79900672,0.0,,x86_server
ML-DSA-65_verify,560,1.054599997587502,79900672,0.0,,x86_server
ML-DSA-65_verify,561,1.0557000059634447,79900672,0.0,,x86_server
ML-DSA-65_verify,562,1.0522999800741673,79900672,0.0,,x86_server
ML-DSA-65_verify,563,1.0964999964926392,79900672,0.0,,x86_server
ML-DSA-65_verify,564,1.1211999808438122,79900672,0.0,,x86_server
ML-DSA-65_verify,565,1.0884999937843531,79900672,0.0,,x86_server
ML-DSA-65_verify,566,1.0956999904010445,79900672,0.0,,x86_server
ML-DSA-65_verify,567,1.0657999955583364,79900672,0.0,,x86_server
ML-DSA-65_verify,568,1.0938000050373375,79900672,0.0,,x86_server
ML-DSA-65_verify,569,1.0774999973364174,79900672,0.0,,x86_server
ML-DSA-65_verify,570,1.113300008000806,79900672,0.0,,x86_server
ML-DSA-65_verify,571,1.1101999843958765,79900672,0.015625,,x86_server
ML-DSA-65_verify,572,1.19859998812899,79900672,0.0,,x86_server
ML-DSA-65_verify,573,1.1955999943893403,79900672,0.0,,x86_server
ML-DSA-65_verify,574,1.1898000084329396,79900672,0.0,,x86_server
ML-DSA-65_verify,575,1.1881999962497503,79900672,0.0,,x86_server
ML-DSA-65_verify,576,1.2075999984517694,79900672,0.0,,x86_server
ML-DSA-65_verify,577,1.185600005555898,79900672,0.0,,x86_server
ML-DSA-65_verify,578,1.1825999827124178,79900672,0.0,,x86_server
ML-DSA-65_verify,579,1.2086999777238816,79900672,0.0,,x86_server
ML-DSA-65_verify,580,1.1812000011559576,79900672,0.0,,x86_server
ML-DSA-65_verify,581,1.1852000025101006,79900672,0.0,,x86_server
ML-DSA-65_verify,582,1.193000003695488,79900672,0.015625,,x86_server
ML-DSA-65_verify,583,1.197900011902675,79900672,0.0,,x86_server
ML-DSA-65_verify,584,1.1814000026788563,79900672,0.0,,x86_server
ML-DSA-65_verify,585,1.1833999888040125,79900672,0.0,,x86_server
ML-DSA-65_verify,586,1.2058000138495117,79900672,0.0,,x86_server
ML-DSA-65_verify,587,1.1798000195994973,79900672,0.0,,x86_server
ML-DSA-65_verify,588,1.1794000165537,79900672,0.0,,x86_server
ML-DSA-65_verify,589,1.1872999893967062,79900672,0.0,,x86_server
ML-DSA-65_verify,590,1.1826999834738672,79900672,0.0,,x86_server
ML-DSA-65_verify,591,1.1852000025101006,79900672,0.0,,x86_server
ML-DSA-65_verify,592,1.0929999989457428,79900672,0.0,,x86_server
ML-DSA-65_verify,593,1.0522000084165484,79900672,0.0,,x86_server
ML-DSA-65_verify,594,1.0831000108737499,79900672,0.015625,,x86_server
ML-DSA-65_verify,595,1.0815999994520098,79900672,0.0,,x86_server
ML-DSA-65_verify,596,1.0865000076591969,79900672,0.0,,x86_server
ML-DSA-65_verify,597,1.0750000074040145,79900672,0.0,,x86_server
ML-DSA-65_verify,598,1.061999995727092,79900672,0.0,,x86_server
ML-DSA-65_verify,599,1.0754999821074307,79900672,0.0,,x86_server
ML-DSA-65_verify,600,1.0908000112976879,79900672,0.0,,x86_server
ML-DSA-65_verify,601,1.0492000146768987,79900672,0.0,,x86_server
ML-DSA-65_verify,602,1.054299995303154,79900672,0.0,,x86_server
ML-DSA-65_verify,603,1.1004999978467822,79900672,0.0,,x86_server
ML-DSA-65_verify,604,1.0788000072352588,79900672,0.0,,x86_server
ML-DSA-65_verify,605,1.0550000006332994,79900672,0.0,,x86_server
ML-DSA-65_verify,606,1.06380000943318,79900672,0.0,,x86_server
ML-DSA-65_verify,607,1.0649999894667417,79900672,0.0,,x86_server
ML-DSA-65_verify,608,1.0685000161174685,79900672,0.015625,,x86_server
ML-DSA-65_verify,609,1.0179000091739,79900672,0.0,,x86_server
ML-DSA-65_verify,610,1.2463000020943582,79900672,0.0,,x86_server
ML-DSA-65_verify,611,1.0457999887876213,79900672,0.0,,x86_server
ML-DSA-65_verify,612,1.0836999863386154,79900672,0.0,,x86_server
ML-DSA-65_verify,613,1.0894000006373972,79900672,0.0,,x86_server
ML-DSA-65_verify,614,1.0815999994520098,79900672,0.0,,x86_server
ML-DSA-65_verify,615,1.0839999886229634,79900672,0.0,,x86_server
ML-DSA-65_verify,616,1.098200009437278,79900672,0.0,,x86_server
ML-DSA-65_verify,617,1.0569000151008368,79900672,0.0,,x86_server
ML-DSA-65_verify,618,1.053699990734458,79900672,0.0,,x86_server
ML-DSA-65_verify,619,1.0528000129852444,79900672,0.0,,x86_server
ML-DSA-65_verify,620,1.1030000168830156,79900672,0.015625,,x86_server
ML-DSA-65_verify,621,1.0631000041030347,79900672,0.0,,x86_server
ML-DSA-65_verify,622,1.051800005370751,79900672,0.0,,x86_server
ML-DSA-65_verify,623,1.060499984305352,79900672,0.0,,x86_server
ML-DSA-65_verify,624,1.0966999980155379,79900672,0.0,,x86_server
ML-DSA-65_verify,625,1.069399993866682,79900672,0.0,,x86_server
ML-DSA-65_verify,626,1.0535000183153898,79900672,0.0,,x86_server
ML-DSA-65_verify,627,1.0809999948833138,79900672,0.0,,x86_server
ML-DSA-65_verify,628,1.0888000251725316,79900672,0.0,,x86_server
ML-DSA-65_verify,629,1.0485999810043722,79900672,0.0,,x86_server
ML-DSA-65_verify,630,1.093799975933507,79900672,0.0,,x86_server
ML-DSA-65_verify,631,1.0785000049509108,79900672,0.0,,x86_server
ML-DSA-65_verify,632,1.0597999789752066,79900672,0.0,,x86_server
ML-DSA-65_verify,633,1.059200003510341,79900672,0.015625,,x86_server
ML-DSA-65_verify,634,1.050899998517707,79900672,0.0,,x86_server
ML-DSA-65_verify,635,1.0674999793991446,79900672,0.0,,x86_server
ML-DSA-65_verify,636,1.1030000168830156,79900672,0.0,,x86_server
ML-DSA-65_verify,637,1.144499983638525,79900672,0.0,,x86_server
ML-DSA-65_verify,638,1.0910999844782054,79900672,0.0,,x86_server
ML-DSA-65_verify,639,1.0976999765262008,79900672,0.0,,x86_server
ML-DSA-65_verify,640,1.0936000035144389,79900672,0.0,,x86_server
ML-DSA-65_verify,641,1.0891999991144985,79900672,0.0,,x86_server
ML-DSA-65_verify,642,1.0882999922614545,79900672,0.0,,x86_server
ML-DSA-65_verify,643,1.0870000114664435,79900672,0.0,,x86_server
ML-DSA-65_verify,644,1.0876999876927584,79900672,0.0,,x86_server
ML-DSA-65_verify,645,1.0822999756783247,79900672,0.0,,x86_server
ML-DSA-65_verify,646,1.0550000006332994,79900672,0.015625,,x86_server
ML-DSA-65_verify,647,1.0987000132445246,79900672,0.0,,x86_server
ML-DSA-65_verify,648,1.0876000160351396,79900672,0.0,,x86_server
ML-DSA-65_verify,649,1.0847000230569392,79900672,0.0,,x86_server
ML-DSA-65_verify,650,1.0483000078238547,79900672,0.0,,x86_server
ML-DSA-65_verify,651,1.0504999954719096,79900672,0.0,,x86_server
ML-DSA-65_verify,652,1.0881999915000051,79900672,0.0,,x86_server
ML-DSA-65_verify,653,1.0902000067289919,79900672,0.0,,x86_server
ML-DSA-65_verify,654,1.0955999896395952,79900672,0.0,,x86_server
ML-DSA-65_verify,655,1.0928999981842935,79900672,0.0,,x86_server
ML-DSA-65_verify,656,1.056799985235557,79900672,0.0,,x86_server
ML-DSA-65_verify,657,1.101600006222725,79900672,0.0,,x86_server
ML-DSA-65_verify,658,1.0605000134091824,79900672,0.0,,x86_server
ML-DSA-65_verify,659,1.0942999797407538,79900672,0.015625,,x86_server
ML-DSA-65_verify,660,1.091100013582036,79900672,0.0,,x86_server
ML-DSA-65_verify,661,1.0761000157799572,79900672,0.0,,x86_server
ML-DSA-65_verify,662,1.053999993018806,79900672,0.0,,x86_server
ML-DSA-65_verify,663,1.0806000209413469,79900672,0.0,,x86_server
ML-DSA-65_verify,664,1.1003999970853329,79900672,0.0,,x86_server
ML-DSA-65_verify,665,1.0915999882854521,79900672,0.0,,x86_server
ML-DSA-65_verify,666,1.0777999996207654,79900672,0.0,,x86_server
ML-DSA-65_verify,667,1.057399989804253,79900672,0.0,,x86_server
ML-DSA-65_verify,668,1.0793000110425055,79900672,0.0,,x86_server
ML-DSA-65_verify,669,1.0963999957311898,79904768,0.0,,x86_server
ML-DSA-65_verify,670,1.1033999908249825,79904768,0.0,,x86_server
ML-DSA-65_verify,671,1.0904000082518905,79904768,0.0,,x86_server
ML-DSA-65_verify,672,1.054599997587502,79904768,0.015625,,x86_server
ML-DSA-65_verify,673,1.0544999968260527,79904768,0.0,,x86_server
ML-DSA-65_verify,674,1.053099986165762,79904768,0.0,,x86_server
ML-DSA-65_verify,675,1.054599997587502,79904768,0.0,,x86_server
ML-DSA-65_verify,676,1.0509999992791563,79904768,0.0,,x86_server
ML-DSA-65_verify,677,1.098200009437278,79904768,0.0,,x86_server
ML-DSA-65_verify,678,1.0865000076591969,79904768,0.0,,x86_server
ML-DSA-65_verify,679,1.0885999945458025,79904768,0.0,,x86_server
ML-DSA-65_verify,680,1.0834000131580979,79904768,0.0,,x86_server
ML-DSA-65_verify,681,1.0916999890469015,79904768,0.0,,x86_server
ML-DSA-65_verify,682,1.0889999975915998,79904768,0.0,,x86_server
ML-DSA-65_verify,683,1.0838000162038952,79904768,0.0,,x86_server
ML-DSA-65_verify,684,1.1037999938707799,79904768,0.015625,,x86_server
ML-DSA-65_verify,685,1.0936999751720577,79908864,0.0,,x86_server
ML-DSA-65_verify,686,1.0851999977603555,79908864,0.0,,x86_server
ML-DSA-65_verify,687,1.0909000120591372,79908864,0.0,,x86_server
ML-DSA-65_verify,688,1.0933000012300909,79908864,0.0,,x86_server
ML-DSA-65_verify,689,1.0910000128205866,79908864,0.0,,x86_server
ML-DSA-65_verify,690,1.0809999948833138,79908864,0.0,,x86_server
ML-DSA-65_verify,691,1.0869000107049942,79908864,0.0,,x86_server
ML-DSA-65_verify,692,1.0875000152736902,79908864,0.0,,x86_server
ML-DSA-65_verify,693,1.0840999893844128,79908864,0.0,,x86_server
ML-DSA-65_verify,694,1.0811000247485936,79908864,0.0,,x86_server
ML-DSA-65_verify,695,1.0966999980155379,79908864,0.0,,x86_server
ML-DSA-65_verify,696,1.0858000023290515,79908864,0.0,,x86_server
ML-DSA-65_verify,697,1.1797999904956669,79908864,0.015625,,x86_server
ML-DSA-65_verify,698,1.1328000109642744,79908864,0.0,,x86_server
ML-DSA-65_verify,699,1.176000019768253,79908864,0.0,,x86_server
ML-DSA-65_verify,700,1.1805999965872616,79908864,0.0,,x86_server
ML-DSA-65_verify,701,1.1835999903269112,79912960,0.0,,x86_server
ML-DSA-65_verify,702,1.1808999988716096,79912960,0.0,,x86_server
ML-DSA-65_verify,703,1.1797999904956669,79912960,0.0,,x86_server
ML-DSA-65_verify,704,1.1818000057246536,79917056,0.0,,x86_server
ML-DSA-65_verify,705,1.1950999905820936,79917056,0.0,,x86_server
ML-DSA-65_verify,706,1.1903000122401863,79917056,0.0,,x86_server
ML-DSA-65_verify,707,1.1264999920967966,79917056,0.0,,x86_server
ML-DSA-65_verify,708,1.0975000041071326,79917056,0.0,,x86_server
ML-DSA-65_verify,709,1.088300021365285,79917056,0.015625,,x86_server
ML-DSA-65_verify,710,1.093799975933507,79917056,0.0,,x86_server
ML-DSA-65_verify,711,1.0861000046133995,79917056,0.0,,x86_server
ML-DSA-65_verify,712,1.086999982362613,79917056,0.0,,x86_server
ML-DSA-65_verify,713,1.1193999962415546,79917056,0.0,,x86_server
ML-DSA-65_verify,714,1.0887999960687011,79917056,0.0,,x86_server
ML-DSA-65_verify,715,1.0885999945458025,79917056,0.0,,x86_server
ML-DSA-65_verify,716,1.0896000021602958,79917056,0.0,,x86_server
ML-DSA-65_verify,717,1.0882999922614545,79917056,0.0,,x86_server
ML-DSA-65_verify,718,1.0797999857459217,79917056,0.0,,x86_server
ML-DSA-65_verify,719,1.1137000110466033,79917056,0.0,,x86_server
ML-DSA-65_verify,720,1.0844000207725912,79917056,0.0,,x86_server
ML-DSA-65_verify,721,1.0901000059675425,79917056,0.0,,x86_server
ML-DSA-65_verify,722,1.0861000046133995,79917056,0.0,,x86_server
ML-DSA-65_verify,723,1.0858000023290515,79917056,0.0,,x86_server
ML-DSA-65_verify,724,1.0950999858323485,79921152,0.0,,x86_server
ML-DSA-65_verify,725,1.0867000091820955,79921152,0.0,,x86_server
ML-DSA-65_verify,726,1.0888999968301505,79921152,0.0,,x86_server
ML-DSA-65_verify,727,1.0830000101123005,79921152,0.0,,x86_server
ML-DSA-65_verify,728,1.084199990145862,79921152,0.0,,x86_server
ML-DSA-65_verify,729,1.1434000043664128,79921152,0.0,,x86_server
ML-DSA-65_verify,730,1.123800000641495,79921152,0.0,,x86_server
ML-DSA-65_verify,731,1.0982999810948968,79921152,0.0,,x86_server
ML-DSA-65_verify,732,1.0870000114664435,79921152,0.0,,x86_server
ML-DSA-65_verify,733,1.0910000128205866,79925248,0.0,,x86_server
ML-DSA-65_verify,734,1.0892999998759478,79925248,0.015625,,x86_server
ML-DSA-65_verify,735,1.0883999930229038,79925248,0.0,,x86_server
ML-DSA-65_verify,736,1.0866000084206462,79925248,0.0,,x86_server
ML-DSA-65_verify,737,1.0902000067289919,79925248,0.0,,x86_server
ML-DSA-65_verify,738,1.0874999861698598,79925248,0.0,,x86_server
ML-DSA-65_verify,739,1.086699980078265,79925248,0.0,,x86_server
ML-DSA-65_verify,740,1.0864000068977475,79925248,0.0,,x86_server
ML-DSA-65_verify,741,1.1832999880425632,79925248,0.0,,x86_server
ML-DSA-65_verify,742,1.0898999753408134,79925248,0.0,,x86_server
ML-DSA-65_verify,743,1.0946999827865511,79929344,0.0,,x86_server
ML-DSA-65_verify,744,1.0846999939531088,79929344,0.0,,x86_server
ML-DSA-65_verify,745,1.0918999905698001,79929344,0.0,,x86_server
ML-DSA-65_verify,746,1.1024000123143196,79929344,0.0,,x86_server
ML-DSA-65_verify,747,1.0876000160351396,79929344,0.015625,,x86_server
ML-DSA-65_verify,748,1.0865999793168157,79929344,0.0,,x86_server
ML-DSA-65_verify,749,1.0908999829553068,79929344,0.0,,x86_server
ML-DSA-65_verify,750,1.0849999962374568,79929344,0.0,,x86_server
ML-DSA-65_verify,751,1.0876999876927584,79929344,0.0,,x86_server
ML-DSA-65_verify,752,1.0844999924302101,79929344,0.0,,x86_server
ML-DSA-65_verify,753,1.1126000026706606,79929344,0.0,,x86_server
ML-DSA-65_verify,754,1.0823000047821552,79929344,0.0,,x86_server
ML-DSA-65_verify,755,1.0820000024978071,79929344,0.0,,x86_server
ML-DSA-65_verify,756,1.1008000001311302,79929344,0.0,,x86_server
ML-DSA-65_verify,757,1.0861000046133995,79929344,0.0,,x86_server
ML-DSA-65_verify,758,1.05339998845011,79929344,0.0,,x86_server
ML-DSA-65_verify,759,1.05489999987185,79929344,0.0,,x86_server
ML-DSA-65_verify,760,1.0995999909937382,79929344,0.015625,,x86_server
ML-DSA-65_verify,761,1.1024000123143196,79929344,0.0,,x86_server
ML-DSA-65_verify,762,1.1168999772053212,79929344,0.0,,x86_server
ML-DSA-65_verify,763,1.1602999875321984,79933440,0.0,,x86_server
ML-DSA-65_verify,764,1.1501999979373068,79933440,0.0,,x86_server
ML-DSA-65_verify,765,1.1847999994643033,79937536,0.0,,x86_server
ML-DSA-65_verify,766,1.167400012491271,79937536,0.0,,x86_server
ML-DSA-65_verify,767,1.1588999768719077,79937536,0.0,,x86_server
ML-DSA-65_verify,768,1.1195999977644533,79937536,0.0,,x86_server
ML-DSA-65_verify,769,1.083899987861514,79937536,0.0,,x86_server
ML-DSA-65_verify,770,1.083299983292818,79937536,0.0,,x86_server
ML-DSA-65_verify,771,1.0821000032592565,79937536,0.0,,x86_server
ML-DSA-65_verify,772,1.157500024419278,79937536,0.015625,,x86_server
ML-DSA-65_verify,773,1.0961999942082912,79937536,0.0,,x86_server
ML-DSA-65_verify,774,1.0871999838855118,79937536,0.0,,x86_server
ML-DSA-65_verify,775,1.0894000006373972,79937536,0.0,,x86_server
ML-DSA-65_verify,776,1.0842000192496926,79937536,0.0,,x86_server
ML-DSA-65_verify,777,1.0877999884542078,79937536,0.0,,x86_server
ML-DSA-65_verify,778,1.1035999923478812,79937536,0.0,,x86_server
ML-DSA-65_verify,779,1.162699976703152,79937536,0.0,,x86_server
ML-DSA-65_verify,780,1.0997999925166368,79937536,0.0,,x86_server
ML-DSA-65_verify,781,1.1004999978467822,79937536,0.0,,x86_server
ML-DSA-65_verify,782,1.114500017138198,79941632,0.0,,x86_server
ML-DSA-65_verify,783,1.0755000112112612,79941632,0.0,,x86_server
ML-DSA-65_verify,784,1.070300000719726,79941632,0.015625,,x86_server
ML-DSA-65_verify,785,1.1663000041153282,79941632,0.0,,x86_server
ML-DSA-65_verify,786,1.129900017986074,79941632,0.0,,x86_server
ML-DSA-65_verify,787,1.0963999957311898,79941632,0.0,,x86_server
ML-DSA-65_verify,788,1.0942999797407538,79941632,0.0,,x86_server
ML-DSA-65_verify,789,1.0982999810948968,79941632,0.0,,x86_server
ML-DSA-65_verify,790,1.0543000244069844,79941632,0.0,,x86_server
ML-DSA-65_verify,791,1.0568999859970063,79941632,0.0,,x86_server
ML-DSA-65_verify,792,1.100000023143366,79941632,0.0,,x86_server
ML-DSA-65_verify,793,1.0887999960687011,79941632,0.0,,x86_server
ML-DSA-65_verify,794,1.0892999998759478,79941632,0.0,,x86_server
ML-DSA-65_verify,795,1.0883999930229038,79941632,0.0,,x86_server
ML-DSA-65_verify,796,1.1159999994561076,79941632,0.0,,x86_server
ML-DSA-65_verify,797,1.1002999963238835,79945728,0.015625,,x86_server
ML-DSA-65_verify,798,1.0878000175580382,79945728,0.0,,x86_server
ML-DSA-65_verify,799,1.0882000206038356,79945728,0.0,,x86_server
ML-DSA-65_verify,800,1.1034999915864319,79945728,0.0,,x86_server
ML-DSA-65_verify,801,1.0879999899771065,79945728,0.0,,x86_server
ML-DSA-65_verify,802,1.1975000088568777,79949824,0.0,,x86_server
ML-DSA-65_verify,803,1.0950999858323485,79949824,0.0,,x86_server
ML-DSA-65_verify,804,1.1054000060539693,79949824,0.0,,x86_server
ML-DSA-65_verify,805,1.1094000074081123,79949824,0.0,,x86_server
ML-DSA-65_verify,806,1.0868000099435449,79949824,0.0,,x86_server
ML-DSA-65_verify,807,1.0921999928541481,79949824,0.0,,x86_server
ML-DSA-65_verify,808,1.1020000092685223,79949824,0.0,,x86_server
ML-DSA-65_verify,809,1.0915999882854521,79949824,0.0,,x86_server
ML-DSA-65_verify,810,1.0786000057123601,79949824,0.015625,,x86_server
ML-DSA-65_verify,811,1.1029999877791852,79949824,0.0,,x86_server
ML-DSA-65_verify,812,1.0898000036831945,79949824,0.0,,x86_server
ML-DSA-65_verify,813,1.0990999871864915,79949824,0.0,,x86_server
ML-DSA-65_verify,814,1.0922999936155975,79949824,0.0,,x86_server
ML-DSA-65_verify,815,1.0876999876927584,79949824,0.0,,x86_server
ML-DSA-65_verify,816,1.1346000246703625,79949824,0.0,,x86_server
ML-DSA-65_verify,817,1.098800014005974,79949824,0.0,,x86_server
ML-DSA-65_verify,818,1.0915000166278332,79949824,0.0,,x86_server
ML-DSA-65_verify,819,1.0958000202663243,79949824,0.0,,x86_server
ML-DSA-65_verify,820,1.1854000040329993,79949824,0.0,,x86_server
ML-DSA-65_verify,821,1.1430000013206154,79953920,0.0,,x86_server
ML-DSA-65_verify,822,1.0710000060498714,79953920,0.015625,,x86_server
ML-DSA-65_verify,823,1.0952999873552471,79953920,0.0,,x86_server
ML-DSA-65_verify,824,1.1163000017404556,79953920,0.0,,x86_server
ML-DSA-65_verify,825,1.090099976863712,79953920,0.0,,x86_server
ML-DSA-65_verify,826,1.0934000019915402,79953920,0.0,,x86_server
ML-DSA-65_verify,827,1.0846999939531088,79953920,0.0,,x86_server
ML-DSA-65_verify,828,1.1015000054612756,79953920,0.0,,x86_server
ML-DSA-65_verify,829,1.0993999894708395,79958016,0.0,,x86_server
ML-DSA-65_verify,830,1.0860000038519502,79958016,0.0,,x86_server
ML-DSA-65_verify,831,1.0894000006373972,79958016,0.0,,x86_server
ML-DSA-65_verify,832,1.0870999831240624,79958016,0.0,,x86_server
ML-DSA-65_verify,833,1.0921999928541481,79958016,0.0,,x86_server
ML-DSA-65_verify,834,1.0891999991144985,79958016,0.0,,x86_server
ML-DSA-65_verify,835,1.1192999954801053,79958016,0.015625,,x86_server
ML-DSA-65_verify,836,1.0863000061362982,79958016,0.0,,x86_server
ML-DSA-65_verify,837,1.136100006988272,79958016,0.0,,x86_server
ML-DSA-65_verify,838,1.1264999920967966,79958016,0.0,,x86_server
ML-DSA-65_verify,839,1.0919000196736306,79958016,0.0,,x86_server
ML-DSA-65_verify,840,1.0916999890469015,79958016,0.0,,x86_server
ML-DSA-65_verify,841,1.0955999896395952,79962112,0.0,,x86_server
ML-DSA-65_verify,842,1.091100013582036,79962112,0.0,,x86_server
ML-DSA-65_verify,843,1.0878000175580382,79962112,0.0,,x86_server
ML-DSA-65_verify,844,1.0850999969989061,79962112,0.0,,x86_server
ML-DSA-65_verify,845,1.2331999896559864,79962112,0.0,,x86_server
ML-DSA-65_verify,846,1.1546000023372471,79962112,0.0,,x86_server
ML-DSA-65_verify,847,1.0892999998759478,79962112,0.015625,,x86_server
ML-DSA-65_verify,848,1.0870000114664435,79962112,0.0,,x86_server
ML-DSA-65_verify,849,1.0909000120591372,79962112,0.0,,x86_server
ML-DSA-65_verify,850,1.0944000096060336,79962112,0.0,,x86_server
ML-DSA-65_verify,851,1.0868000099435449,79962112,0.0,,x86_server
ML-DSA-65_verify,852,1.1688999948091805,79962112,0.0,,x86_server
ML-DSA-65_verify,853,1.1369000130798668,79962112,0.0,,x86_server
ML-DSA-65_verify,854,1.0862000053748488,79962112,0.0,,x86_server
ML-DSA-65_verify,855,1.087599986931309,79962112,0.0,,x86_server
ML-DSA-65_verify,856,1.0855000000447035,79962112,0.0,,x86_server
ML-DSA-65_verify,857,1.1178000131621957,79962112,0.0,,x86_server
ML-DSA-65_verify,858,1.0904000082518905,79962112,0.0,,x86_server
ML-DSA-65_verify,859,1.055800006724894,79962112,0.0,,x86_server
ML-DSA-65_verify,860,1.088300021365285,79966208,0.015625,,x86_server
ML-DSA-65_verify,861,1.1006999993696809,79974400,0.0,,x86_server
ML-DSA-65_verify,862,1.0720999853219837,79974400,0.0,,x86_server
ML-DSA-65_verify,863,1.0565999837126583,79974400,0.0,,x86_server
ML-DSA-65_verify,864,1.0522000084165484,79974400,0.0,,x86_server
ML-DSA-65_verify,865,1.055800006724894,79974400,0.0,,x86_server
ML-DSA-65_verify,866,1.0950000141747296,79974400,0.0,,x86_server
ML-DSA-65_verify,867,1.0868000099435449,79974400,0.0,,x86_server
ML-DSA-65_verify,868,1.0873999854084104,79974400,0.0,,x86_server
ML-DSA-65_verify,869,1.0976999765262008,79974400,0.0,,x86_server
ML-DSA-65_verify,870,1.0908000112976879,79974400,0.0,,x86_server
ML-DSA-65_verify,871,1.0878000175580382,79974400,0.0,,x86_server
ML-DSA-65_verify,872,1.0891999991144985,79974400,0.0,,x86_server
ML-DSA-65_verify,873,1.0878999892156571,79974400,0.015625,,x86_server
ML-DSA-65_verify,874,1.0904000082518905,79974400,0.0,,x86_server
ML-DSA-65_verify,875,1.0871000122278929,79974400,0.0,,x86_server
ML-DSA-65_verify,876,1.0874999861698598,79974400,0.0,,x86_server
ML-DSA-65_verify,877,1.1081999982707202,79974400,0.0,,x86_server
ML-DSA-65_verify,878,1.0870999831240624,79974400,0.0,,x86_server
ML-DSA-65_verify,879,1.0856000008061528,79974400,0.0,,x86_server
ML-DSA-65_verify,880,1.2239000061526895,79978496,0.0,,x86_server
ML-DSA-65_verify,881,1.0892999998759478,79978496,0.0,,x86_server
ML-DSA-65_verify,882,1.0947000118903816,79978496,0.0,,x86_server
ML-DSA-65_verify,883,1.1044999992009252,79978496,0.0,,x86_server
ML-DSA-65_verify,884,1.1566999892238528,79978496,0.0,,x86_server
ML-DSA-65_verify,885,1.1669000086840242,79978496,0.015625,,x86_server
ML-DSA-65_verify,886,1.0797000140883029,79978496,0.0,,x86_server
ML-DSA-65_verify,887,1.0721000144258142,79978496,0.0,,x86_server
ML-DSA-65_verify,888,1.0889999975915998,79978496,0.0,,x86_server
ML-DSA-65_verify,889,1.0968999995384365,79978496,0.0,,x86_server
ML-DSA-65_verify,890,1.0889999975915998,79978496,0.0,,x86_server
ML-DSA-65_verify,891,1.0817000002134591,79978496,0.0,,x86_server
ML-DSA-65_verify,892,1.0957999911624938,79978496,0.0,,x86_server
ML-DSA-65_verify,893,1.1331999849062413,79982592,0.0,,x86_server
ML-DSA-65_verify,894,1.0913000151049346,79982592,0.0,,x86_server
ML-DSA-65_verify,895,1.0477000032551587,79982592,0.0,,x86_server
ML-DSA-65_verify,896,1.0520999785512686,79982592,0.0,,x86_server
ML-DSA-65_verify,897,1.0522999800741673,79982592,0.015625,,x86_server
ML-DSA-65_verify,898,1.0757999843917787,79982592,0.0,,x86_server
ML-DSA-65_verify,899,1.0929999989457428,79986688,0.0,,x86_server
ML-DSA-65_verify,900,1.053699990734458,79986688,0.0,,x86_server
ML-DSA-65_verify,901,1.1101999843958765,79986688,0.0,,x86_server
ML-DSA-65_verify,902,1.0772999958135188,79986688,0.0,,x86_server
ML-DSA-65_verify,903,1.052700012223795,79986688,0.0,,x86_server
ML-DSA-65_verify,904,1.0525000107008964,79986688,0.0,,x86_server
ML-DSA-65_verify,905,1.049999991664663,79986688,0.0,,x86_server
ML-DSA-65_verify,906,1.051200000802055,79986688,0.0,,x86_server
ML-DSA-65_verify,907,1.104399998439476,79986688,0.0,,x86_server
ML-DSA-65_verify,908,1.065099990228191,79986688,0.0,,x86_server
ML-DSA-65_verify,909,1.0942999797407538,79986688,0.0,,x86_server
ML-DSA-65_verify,910,1.0937000042758882,79986688,0.015625,,x86_server
ML-DSA-65_verify,911,1.0865000076591969,79986688,0.0,,x86_server
ML-DSA-65_verify,912,1.0526999831199646,79986688,0.0,,x86_server
ML-DSA-65_verify,913,1.052799983881414,79986688,0.0,,x86_server
ML-DSA-65_verify,914,1.078999979654327,79986688,0.0,,x86_server
ML-DSA-65_verify,915,1.0972000018227845,79986688,0.0,,x86_server
ML-DSA-65_verify,916,1.05489999987185,79986688,0.0,,x86_server
ML-DSA-65_verify,917,1.05489999987185,79986688,0.0,,x86_server
ML-DSA-65_verify,918,1.1081000266131014,79986688,0.0,,x86_server
ML-DSA-65_verify,919,1.096300024073571,79990784,0.0,,x86_server
ML-DSA-65_verify,920,1.0682000138331205,79990784,0.0,,x86_server
ML-DSA-65_verify,921,1.051200000802055,79990784,0.0,,x86_server
ML-DSA-65_verify,922,1.053099986165762,79990784,0.0,,x86_server
ML-DSA-65_verify,923,1.0910999844782054,79990784,0.0,,x86_server
ML-DSA-65_verify,924,1.0753000096883625,79994880,0.015625,,x86_server
ML-DSA-65_verify,925,1.064799987943843,79994880,0.0,,x86_server
ML-DSA-65_verify,926,1.099100016290322,79994880,0.0,,x86_server
ML-DSA-65_verify,927,1.0455000156071037,79994880,0.0,,x86_server
ML-DSA-65_verify,928,0.9886000188998878,79994880,0.0,,x86_server
ML-DSA-65_verify,929,1.0528999846428633,79994880,0.0,,x86_server
ML-DSA-65_verify,930,1.1036999931093305,79994880,0.0,,x86_server
ML-DSA-65_verify,931,1.0953999881166965,79994880,0.0,,x86_server
ML-DSA-65_verify,932,1.0884999937843531,79994880,0.0,,x86_server
ML-DSA-65_verify,933,1.0875000152736902,79994880,0.0,,x86_server
ML-DSA-65_verify,934,1.0926999966613948,79994880,0.0,,x86_server
ML-DSA-65_verify,935,1.091100013582036,79994880,0.0,,x86_server
ML-DSA-65_verify,936,1.0846999939531088,79994880,0.015625,,x86_server
ML-DSA-65_verify,937,1.0864000068977475,79994880,0.0,,x86_server
ML-DSA-65_verify,938,1.0910000128205866,79998976,0.0,,x86_server
ML-DSA-65_verify,939,1.0970000002998859,79998976,0.0,,x86_server
ML-DSA-65_verify,940,1.1035999923478812,79998976,0.0,,x86_server
ML-DSA-65_verify,941,1.0516999755054712,79998976,0.0,,x86_server
ML-DSA-65_verify,942,1.086399977793917,79998976,0.0,,x86_server
ML-DSA-65_verify,943,1.0899999761022627,79998976,0.0,,x86_server
ML-DSA-65_verify,944,1.0850999969989061,79998976,0.0,,x86_server
ML-DSA-65_verify,945,1.0537999914959073,79998976,0.0,,x86_server
ML-DSA-65_verify,946,1.0526999831199646,79998976,0.0,,x86_server
ML-DSA-65_verify,947,1.0691999923437834,79998976,0.0,,x86_server
ML-DSA-65_verify,948,1.0865000076591969,79998976,0.0,,x86_server
ML-DSA-65_verify,949,1.0507999977562577,79998976,0.015625,,x86_server
ML-DSA-65_verify,950,1.1089000036008656,79998976,0.0,,x86_server
ML-DSA-65_verify,951,1.0790999804157764,79998976,0.0,,x86_server
ML-DSA-65_verify,952,1.1066000151913613,79998976,0.0,,x86_server
ML-DSA-65_verify,953,1.087700016796589,79998976,0.0,,x86_server
ML-DSA-65_verify,954,1.0921999928541481,79998976,0.0,,x86_server
ML-DSA-65_verify,955,1.0889999975915998,79998976,0.0,,x86_server
ML-DSA-65_verify,956,1.0932000004686415,80003072,0.0,,x86_server
ML-DSA-65_verify,957,1.0840999893844128,80003072,0.0,,x86_server
ML-DSA-65_verify,958,1.0546999983489513,80007168,0.0,,x86_server
ML-DSA-65_verify,959,1.0973000025842339,80007168,0.0,,x86_server
ML-DSA-65_verify,960,1.0919000196736306,80007168,0.0,,x86_server
ML-DSA-65_verify,961,1.050299993949011,80007168,0.0,,x86_server
ML-DSA-65_verify,962,1.050599996233359,80007168,0.015625,,x86_server
ML-DSA-65_verify,963,1.0579000227153301,80007168,0.0,,x86_server
ML-DSA-65_verify,964,1.0782000026665628,80007168,0.0,,x86_server
ML-DSA-65_verify,965,1.0892999998759478,80007168,0.0,,x86_server
ML-DSA-65_verify,966,1.0550000006332994,80007168,0.0,,x86_server
ML-DSA-65_verify,967,1.0583999974187464,80007168,0.0,,x86_server
ML-DSA-65_verify,968,1.0919999913312495,80007168,0.0,,x86_server
ML-DSA-65_verify,969,1.065699994796887,80007168,0.0,,x86_server
ML-DSA-65_verify,970,1.0526000114623457,80007168,0.0,,x86_server
ML-DSA-65_verify,971,1.0477000032551587,80007168,0.0,,x86_server
ML-DSA-65_verify,972,1.1023999832104892,80007168,0.0,,x86_server
ML-DSA-65_verify,973,1.0731999936979264,80007168,0.0,,x86_server
ML-DSA-65_verify,974,1.0498999909032136,80007168,0.0,,x86_server
ML-DSA-65_verify,975,1.0927999974228442,80007168,0.015625,,x86_server
ML-DSA-65_verify,976,1.087599986931309,80007168,0.0,,x86_server
ML-DSA-65_verify,977,1.0878999892156571,80011264,0.0,,x86_server
ML-DSA-65_verify,978,1.0494000161997974,80011264,0.0,,x86_server
ML-DSA-65_verify,979,1.0514000023249537,80011264,0.0,,x86_server
ML-DSA-65_verify,980,1.0874000145122409,80011264,0.0,,x86_server
ML-DSA-65_verify,981,1.0922999936155975,80011264,0.0,,x86_server
ML-DSA-65_verify,982,1.0535999899730086,80011264,0.0,,x86_server
ML-DSA-65_verify,983,1.0559999791439623,80011264,0.0,,x86_server
ML-DSA-65_verify,984,1.101000001654029,80011264,0.0,,x86_server
ML-DSA-65_verify,985,1.0844999924302101,80011264,0.0,,x86_server
ML-DSA-65_verify,986,1.0593000042717904,80011264,0.0,,x86_server
ML-DSA-65_verify,987,1.052400009939447,80011264,0.0,,x86_server
ML-DSA-65_verify,988,1.058299996657297,80019456,0.015625,,x86_server
ML-DSA-65_verify,989,1.0952000156976283,80019456,0.0,,x86_server
ML-DSA-65_verify,990,1.0710000060498714,80019456,0.0,,x86_server
ML-DSA-65_verify,991,1.0531999869272113,80019456,0.0,,x86_server
ML-DSA-65_verify,992,1.0591000027488917,80019456,0.0,,x86_server
ML-DSA-65_verify,993,1.0871999838855118,80019456,0.0,,x86_server
ML-DSA-65_verify,994,1.0826000070665032,80019456,0.0,,x86_server
ML-DSA-65_verify,995,0.9971999970730394,80019456,0.0,,x86_server
ML-DSA-65_verify,996,1.1041999969165772,80019456,0.0,,x86_server
ML-DSA-65_verify,997,1.0981999803334475,80023552,0.0,,x86_server
ML-DSA-65_verify,998,1.0878999892156571,80023552,0.0,,x86_server
ML-DSA-65_verify,999,1.0894000006373972,80023552,0.0,,x86_server
